STRUCTURE,STRUCTURE_ID,STRUCTURE_NAME,freq,Time frequency,unit,Unit of measure,na_item,National accounts indicator (ESA 2010),geo,Geopolitical entity (reporting),TIME_PERIOD,Time,OBS_VALUE,Observation value,OBS_FLAG,Observation status (Flag) V2 structure,CONF_STATUS,Confidentiality status (flag)
dataflow,ESTAT:NAMA_10_PC(1.0),Gross domestic product (GDP) and main components per capita - annual data,A,Annual,CP_NAC_HAB,"Current prices, units of national currency per capita",B1GQ,Gross domestic product at market prices,AL,Albania,2016,,517470,,,,,
dataflow,ESTAT:NAMA_10_PC(1.0),Gross domestic product (GDP) and main components per capita - annual data,A,Annual,CP_NAC_HAB,"Current prices, units of national currency per capita",B1GQ,Gross domestic product at market prices,AL,Albania,2017,,549530,,,,,
dataflow,ESTAT:NAMA_10_PC(1.0),Gross domestic product (GDP) and main components per capita - annual data,A,Annual,CP_NAC_HAB,"Current prices, units of national currency per capita",B1GQ,Gross domestic product at market prices,AL,Albania,2018,,579410,,,,,
dataflow,ESTAT:NAMA_10_PC(1.0),Gross domestic product (GDP) and main components per capita - annual data,A,Annual,CP_NAC_HAB,"Current prices, units of national currency per capita",B1GQ,Gross domestic product at market prices,AL,Albania,2019,,599830,,,,,
dataflow,ESTAT:NAMA_10_PC(1.0),Gross domestic product (GDP) and main components per capita - annual data,A,Annual,CP_NAC_HAB,"Current prices, units of national currency per capita",B1GQ,Gross domestic product at market prices,AL,Albania,2020,,583540,,,,,
dataflow,ESTAT:NAMA_10_PC(1.0),Gross domestic product (GDP) and main components per capita - annual data,A,Annual,CP_NAC_HAB,"Current prices, units of national currency per capita",B1GQ,Gross domestic product at market prices,AL,Albania,2021,,663900,,,,,
dataflow,ESTAT:NAMA_10_PC(1.0),Gross domestic product (GDP) and main components per capita - annual data,A,Annual,CP_NAC_HAB,"Current prices, units of national currency per capita",B1GQ,Gross domestic product at market prices,AL,Albania,2022,,773930,,,,,
dataflow,ESTAT:NAMA_10_PC(1.0),Gross domestic product (GDP) and main components per capita - annual data,A,Annual,CP_NAC_HAB,"Current prices, units of national currency per capita",B1GQ,Gross domestic product at market prices,AT,Austria,2016,,40690,,,,,
dataflow,ESTAT:NAMA_10_PC(1.0),Gross domestic product (GDP) and main components per capita - annual data,A,Annual,CP_NAC_HAB,"Current prices, units of national currency per capita",B1GQ,Gross domestic product at market prices,AT,Austria,2017,,41760,,,,,
dataflow,ESTAT:NAMA_10_PC(1.0),Gross domestic product (GDP) and main components per capita - annual data,A,Annual,CP_NAC_HAB,"Current prices, units of national currency per capita",B1GQ,Gross domestic product at market prices,AT,Austria,2018,,43360,,,,,
dataflow,ESTAT:NAMA_10_PC(1.0),Gross domestic product (GDP) and main components per capita - annual data,A,Annual,CP_NAC_HAB,"Current prices, units of national currency per capita",B1GQ,Gross domestic product at market prices,AT,Austria,2019,,44570,,,,,
dataflow,ESTAT:NAMA_10_PC(1.0),Gross domestic product (GDP) and main components per capita - annual data,A,Annual,CP_NAC_HAB,"Current prices, units of national currency per capita",B1GQ,Gross domestic product at market prices,AT,Austria,2020,,42650,,,,,
dataflow,ESTAT:NAMA_10_PC(1.0),Gross domestic product (GDP) and main components per capita - annual data,A,Annual,CP_NAC_HAB,"Current prices, units of national currency per capita",B1GQ,Gross domestic product at market prices,AT,Austria,2021,,45380,,,,,
dataflow,ESTAT:NAMA_10_PC(1.0),Gross domestic product (GDP) and main components per capita - annual data,A,Annual,CP_NAC_HAB,"Current prices, units of national currency per capita",B1GQ,Gross domestic product at market prices,AT,Austria,2022,,49640,,,,,
dataflow,ESTAT:NAMA_10_PC(1.0),Gross domestic product (GDP) and main components per capita - annual data,A,Annual,CP_NAC_HAB,"Current prices, units of national currency per capita",B1GQ,Gross domestic product at market prices,AT,Austria,2023,,52330,,,,,
dataflow,ESTAT:NAMA_10_PC(1.0),Gross domestic product (GDP) and main components per capita - annual data,A,Annual,CP_NAC_HAB,"Current prices, units of national currency per capita",B1GQ,Gross domestic product at market prices,AT,Austria,2024,,53830,,,,,
dataflow,ESTAT:NAMA_10_PC(1.0),Gross domestic product (GDP) and main components per capita - annual data,A,Annual,CP_NAC_HAB,"Current prices, units of national currency per capita",B1GQ,Gross domestic product at market prices,AT,Austria,2025,,55710,,,,,
dataflow,ESTAT:NAMA_10_PC(1.0),Gross domestic product (GDP) and main components per capita - annual data,A,Annual,CP_NAC_HAB,"Current prices, units of national currency per capita",B1GQ,Gross domestic product at market prices,BA,Bosnia and Herzegovina,2016,,10,,,,,
dataflow,ESTAT:NAMA_10_PC(1.0),Gross domestic product (GDP) and main components per capita - annual data,A,Annual,CP_NAC_HAB,"Current prices, units of national currency per capita",B1GQ,Gross domestic product at market prices,BA,Bosnia and Herzegovina,2017,,10,,,,,
dataflow,ESTAT:NAMA_10_PC(1.0),Gross domestic product (GDP) and main components per capita - annual data,A,Annual,CP_NAC_HAB,"Current prices, units of national currency per capita",B1GQ,Gross domestic product at market prices,BA,Bosnia and Herzegovina,2018,,10,,,,,
dataflow,ESTAT:NAMA_10_PC(1.0),Gross domestic product (GDP) and main components per capita - annual data,A,Annual,CP_NAC_HAB,"Current prices, units of national currency per capita",B1GQ,Gross domestic product at market prices,BA,Bosnia and Herzegovina,2019,,10,,,,,
dataflow,ESTAT:NAMA_10_PC(1.0),Gross domestic product (GDP) and main components per capita - annual data,A,Annual,CP_NAC_HAB,"Current prices, units of national currency per capita",B1GQ,Gross domestic product at market prices,BA,Bosnia and Herzegovina,2020,,10,,,,,
dataflow,ESTAT:NAMA_10_PC(1.0),Gross domestic product (GDP) and main components per capita - annual data,A,Annual,CP_NAC_HAB,"Current prices, units of national currency per capita",B1GQ,Gross domestic product at market prices,BA,Bosnia and Herzegovina,2021,,10,,,,,
dataflow,ESTAT:NAMA_10_PC(1.0),Gross domestic product (GDP) and main components per capita - annual data,A,Annual,CP_NAC_HAB,"Current prices, units of national currency per capita",B1GQ,Gross domestic product at market prices,BA,Bosnia and Herzegovina,2022,,10,,,,,
dataflow,ESTAT:NAMA_10_PC(1.0),Gross domestic product (GDP) and main components per capita - annual data,A,Annual,CP_NAC_HAB,"Current prices, units of national currency per capita",B1GQ,Gross domestic product at market prices,BA,Bosnia and Herzegovina,2023,,10,,,,,
dataflow,ESTAT:NAMA_10_PC(1.0),Gross domestic product (GDP) and main components per capita - annual data,A,Annual,CP_NAC_HAB,"Current prices, units of national currency per capita",B1GQ,Gross domestic product at market prices,BA,Bosnia and Herzegovina,2024,,20,,,,,
dataflow,ESTAT:NAMA_10_PC(1.0),Gross domestic product (GDP) and main components per capita - annual data,A,Annual,CP_NAC_HAB,"Current prices, units of national currency per capita",B1GQ,Gross domestic product at market prices,BE,Belgium,2016,,37810,,,,,
dataflow,ESTAT:NAMA_10_PC(1.0),Gross domestic product (GDP) and main components per capita - annual data,A,Annual,CP_NAC_HAB,"Current prices, units of national currency per capita",B1GQ,Gross domestic product at market prices,BE,Belgium,2017,,38980,,,,,
dataflow,ESTAT:NAMA_10_PC(1.0),Gross domestic product (GDP) and main components per capita - annual data,A,Annual,CP_NAC_HAB,"Current prices, units of national currency per capita",B1GQ,Gross domestic product at market prices,BE,Belgium,2018,,40210,,,,,
dataflow,ESTAT:NAMA_10_PC(1.0),Gross domestic product (GDP) and main components per capita - annual data,A,Annual,CP_NAC_HAB,"Current prices, units of national currency per capita",B1GQ,Gross domestic product at market prices,BE,Belgium,2019,,41730,,,,,
dataflow,ESTAT:NAMA_10_PC(1.0),Gross domestic product (GDP) and main components per capita - annual data,A,Annual,CP_NAC_HAB,"Current prices, units of national currency per capita",B1GQ,Gross domestic product at market prices,BE,Belgium,2020,,40190,,,,,
dataflow,ESTAT:NAMA_10_PC(1.0),Gross domestic product (GDP) and main components per capita - annual data,A,Annual,CP_NAC_HAB,"Current prices, units of national currency per capita",B1GQ,Gross domestic product at market prices,BE,Belgium,2021,,43680,,,,,
dataflow,ESTAT:NAMA_10_PC(1.0),Gross domestic product (GDP) and main components per capita - annual data,A,Annual,CP_NAC_HAB,"Current prices, units of national currency per capita",B1GQ,Gross domestic product at market prices,BE,Belgium,2022,,48090,,,,,
dataflow,ESTAT:NAMA_10_PC(1.0),Gross domestic product (GDP) and main components per capita - annual data,A,Annual,CP_NAC_HAB,"Current prices, units of national currency per capita",B1GQ,Gross domestic product at market prices,BE,Belgium,2023,,51090,,,,,
dataflow,ESTAT:NAMA_10_PC(1.0),Gross domestic product (GDP) and main components per capita - annual data,A,Annual,CP_NAC_HAB,"Current prices, units of national currency per capita",B1GQ,Gross domestic product at market prices,BE,Belgium,2024,,52310,,p,provisional,,
dataflow,ESTAT:NAMA_10_PC(1.0),Gross domestic product (GDP) and main components per capita - annual data,A,Annual,CP_NAC_HAB,"Current prices, units of national currency per capita",B1GQ,Gross domestic product at market prices,BE,Belgium,2025,,53930,,p,provisional,,
dataflow,ESTAT:NAMA_10_PC(1.0),Gross domestic product (GDP) and main components per capita - annual data,A,Annual,CP_NAC_HAB,"Current prices, units of national currency per capita",B1GQ,Gross domestic product at market prices,BG,Bulgaria,2016,,7070,,,,,
dataflow,ESTAT:NAMA_10_PC(1.0),Gross domestic product (GDP) and main components per capita - annual data,A,Annual,CP_NAC_HAB,"Current prices, units of national currency per capita",B1GQ,Gross domestic product at market prices,BG,Bulgaria,2017,,7720,,,,,
dataflow,ESTAT:NAMA_10_PC(1.0),Gross domestic product (GDP) and main components per capita - annual data,A,Annual,CP_NAC_HAB,"Current prices, units of national currency per capita",B1GQ,Gross domestic product at market prices,BG,Bulgaria,2018,,8340,,,,,
dataflow,ESTAT:NAMA_10_PC(1.0),Gross domestic product (GDP) and main components per capita - annual data,A,Annual,CP_NAC_HAB,"Current prices, units of national currency per capita",B1GQ,Gross domestic product at market prices,BG,Bulgaria,2019,,9250,,,,,
dataflow,ESTAT:NAMA_10_PC(1.0),Gross domestic product (GDP) and main components per capita - annual data,A,Annual,CP_NAC_HAB,"Current prices, units of national currency per capita",B1GQ,Gross domestic product at market prices,BG,Bulgaria,2020,,9440,,,,,
dataflow,ESTAT:NAMA_10_PC(1.0),Gross domestic product (GDP) and main components per capita - annual data,A,Annual,CP_NAC_HAB,"Current prices, units of national currency per capita",B1GQ,Gross domestic product at market prices,BG,Bulgaria,2021,,10960,,,,,
dataflow,ESTAT:NAMA_10_PC(1.0),Gross domestic product (GDP) and main components per capita - annual data,A,Annual,CP_NAC_HAB,"Current prices, units of national currency per capita",B1GQ,Gross domestic product at market prices,BG,Bulgaria,2022,,13310,,,,,
dataflow,ESTAT:NAMA_10_PC(1.0),Gross domestic product (GDP) and main components per capita - annual data,A,Annual,CP_NAC_HAB,"Current prices, units of national currency per capita",B1GQ,Gross domestic product at market prices,BG,Bulgaria,2023,,14660,,,,,
dataflow,ESTAT:NAMA_10_PC(1.0),Gross domestic product (GDP) and main components per capita - annual data,A,Annual,CP_NAC_HAB,"Current prices, units of national currency per capita",B1GQ,Gross domestic product at market prices,BG,Bulgaria,2024,,16260,,,,,
dataflow,ESTAT:NAMA_10_PC(1.0),Gross domestic product (GDP) and main components per capita - annual data,A,Annual,CP_NAC_HAB,"Current prices, units of national currency per capita",B1GQ,Gross domestic product at market prices,BG,Bulgaria,2025,,18060,,p,provisional,,
dataflow,ESTAT:NAMA_10_PC(1.0),Gross domestic product (GDP) and main components per capita - annual data,A,Annual,CP_NAC_HAB,"Current prices, units of national currency per capita",B1GQ,Gross domestic product at market prices,CH,Switzerland,2016,,82160,,,,,
dataflow,ESTAT:NAMA_10_PC(1.0),Gross domestic product (GDP) and main components per capita - annual data,A,Annual,CP_NAC_HAB,"Current prices, units of national currency per capita",B1GQ,Gross domestic product at market prices,CH,Switzerland,2017,,82280,,,,,
dataflow,ESTAT:NAMA_10_PC(1.0),Gross domestic product (GDP) and main components per capita - annual data,A,Annual,CP_NAC_HAB,"Current prices, units of national currency per capita",B1GQ,Gross domestic product at market prices,CH,Switzerland,2018,,85040,,,,,
dataflow,ESTAT:NAMA_10_PC(1.0),Gross domestic product (GDP) and main components per capita - annual data,A,Annual,CP_NAC_HAB,"Current prices, units of national currency per capita",B1GQ,Gross domestic product at market prices,CH,Switzerland,2019,,85300,,,,,
dataflow,ESTAT:NAMA_10_PC(1.0),Gross domestic product (GDP) and main components per capita - annual data,A,Annual,CP_NAC_HAB,"Current prices, units of national currency per capita",B1GQ,Gross domestic product at market prices,CH,Switzerland,2020,,82120,,,,,
dataflow,ESTAT:NAMA_10_PC(1.0),Gross domestic product (GDP) and main components per capita - annual data,A,Annual,CP_NAC_HAB,"Current prices, units of national currency per capita",B1GQ,Gross domestic product at market prices,CH,Switzerland,2021,,88220,,,,,
dataflow,ESTAT:NAMA_10_PC(1.0),Gross domestic product (GDP) and main components per capita - annual data,A,Annual,CP_NAC_HAB,"Current prices, units of national currency per capita",B1GQ,Gross domestic product at market prices,CH,Switzerland,2022,,93340,,,,,
dataflow,ESTAT:NAMA_10_PC(1.0),Gross domestic product (GDP) and main components per capita - annual data,A,Annual,CP_NAC_HAB,"Current prices, units of national currency per capita",B1GQ,Gross domestic product at market prices,CH,Switzerland,2023,,93570,,,,,
dataflow,ESTAT:NAMA_10_PC(1.0),Gross domestic product (GDP) and main components per capita - annual data,A,Annual,CP_NAC_HAB,"Current prices, units of national currency per capita",B1GQ,Gross domestic product at market prices,CH,Switzerland,2024,,94720,,,,,
dataflow,ESTAT:NAMA_10_PC(1.0),Gross domestic product (GDP) and main components per capita - annual data,A,Annual,CP_NAC_HAB,"Current prices, units of national currency per capita",B1GQ,Gross domestic product at market prices,CH,Switzerland,2025,,95390,,,,,
dataflow,ESTAT:NAMA_10_PC(1.0),Gross domestic product (GDP) and main components per capita - annual data,A,Annual,CP_NAC_HAB,"Current prices, units of national currency per capita",B1GQ,Gross domestic product at market prices,CY,Cyprus,2016,,21930,,,,,
dataflow,ESTAT:NAMA_10_PC(1.0),Gross domestic product (GDP) and main components per capita - annual data,A,Annual,CP_NAC_HAB,"Current prices, units of national currency per capita",B1GQ,Gross domestic product at market prices,CY,Cyprus,2017,,23230,,,,,
dataflow,ESTAT:NAMA_10_PC(1.0),Gross domestic product (GDP) and main components per capita - annual data,A,Annual,CP_NAC_HAB,"Current prices, units of national currency per capita",B1GQ,Gross domestic product at market prices,CY,Cyprus,2018,,24660,,,,,
dataflow,ESTAT:NAMA_10_PC(1.0),Gross domestic product (GDP) and main components per capita - annual data,A,Annual,CP_NAC_HAB,"Current prices, units of national currency per capita",B1GQ,Gross domestic product at market prices,CY,Cyprus,2019,,26110,,,,,
dataflow,ESTAT:NAMA_10_PC(1.0),Gross domestic product (GDP) and main components per capita - annual data,A,Annual,CP_NAC_HAB,"Current prices, units of national currency per capita",B1GQ,Gross domestic product at market prices,CY,Cyprus,2020,,24630,,,,,
dataflow,ESTAT:NAMA_10_PC(1.0),Gross domestic product (GDP) and main components per capita - annual data,A,Annual,CP_NAC_HAB,"Current prices, units of national currency per capita",B1GQ,Gross domestic product at market prices,CY,Cyprus,2021,,27850,,,,,
dataflow,ESTAT:NAMA_10_PC(1.0),Gross domestic product (GDP) and main components per capita - annual data,A,Annual,CP_NAC_HAB,"Current prices, units of national currency per capita",B1GQ,Gross domestic product at market prices,CY,Cyprus,2022,,31560,,,,,
dataflow,ESTAT:NAMA_10_PC(1.0),Gross domestic product (GDP) and main components per capita - annual data,A,Annual,CP_NAC_HAB,"Current prices, units of national currency per capita",B1GQ,Gross domestic product at market prices,CY,Cyprus,2023,,33870,,,,,
dataflow,ESTAT:NAMA_10_PC(1.0),Gross domestic product (GDP) and main components per capita - annual data,A,Annual,CP_NAC_HAB,"Current prices, units of national currency per capita",B1GQ,Gross domestic product at market prices,CY,Cyprus,2024,,35670,,p,provisional,,
dataflow,ESTAT:NAMA_10_PC(1.0),Gross domestic product (GDP) and main components per capita - annual data,A,Annual,CP_NAC_HAB,"Current prices, units of national currency per capita",B1GQ,Gross domestic product at market prices,CY,Cyprus,2025,,36850,,p,provisional,,
dataflow,ESTAT:NAMA_10_PC(1.0),Gross domestic product (GDP) and main components per capita - annual data,A,Annual,CP_NAC_HAB,"Current prices, units of national currency per capita",B1GQ,Gross domestic product at market prices,CZ,Czechia,2016,,460640,,,,,
dataflow,ESTAT:NAMA_10_PC(1.0),Gross domestic product (GDP) and main components per capita - annual data,A,Annual,CP_NAC_HAB,"Current prices, units of national currency per capita",B1GQ,Gross domestic product at market prices,CZ,Czechia,2017,,492290,,,,,
dataflow,ESTAT:NAMA_10_PC(1.0),Gross domestic product (GDP) and main components per capita - annual data,A,Annual,CP_NAC_HAB,"Current prices, units of national currency per capita",B1GQ,Gross domestic product at market prices,CZ,Czechia,2018,,519810,,,,,
dataflow,ESTAT:NAMA_10_PC(1.0),Gross domestic product (GDP) and main components per capita - annual data,A,Annual,CP_NAC_HAB,"Current prices, units of national currency per capita",B1GQ,Gross domestic product at market prices,CZ,Czechia,2019,,558170,,,,,
dataflow,ESTAT:NAMA_10_PC(1.0),Gross domestic product (GDP) and main components per capita - annual data,A,Annual,CP_NAC_HAB,"Current prices, units of national currency per capita",B1GQ,Gross domestic product at market prices,CZ,Czechia,2020,,554960,,,,,
dataflow,ESTAT:NAMA_10_PC(1.0),Gross domestic product (GDP) and main components per capita - annual data,A,Annual,CP_NAC_HAB,"Current prices, units of national currency per capita",B1GQ,Gross domestic product at market prices,CZ,Czechia,2021,,600690,,,,,
dataflow,ESTAT:NAMA_10_PC(1.0),Gross domestic product (GDP) and main components per capita - annual data,A,Annual,CP_NAC_HAB,"Current prices, units of national currency per capita",B1GQ,Gross domestic product at market prices,CZ,Czechia,2022,,655220,,,,,
dataflow,ESTAT:NAMA_10_PC(1.0),Gross domestic product (GDP) and main components per capita - annual data,A,Annual,CP_NAC_HAB,"Current prices, units of national currency per capita",B1GQ,Gross domestic product at market prices,CZ,Czechia,2023,,704140,,,,,
dataflow,ESTAT:NAMA_10_PC(1.0),Gross domestic product (GDP) and main components per capita - annual data,A,Annual,CP_NAC_HAB,"Current prices, units of national currency per capita",B1GQ,Gross domestic product at market prices,CZ,Czechia,2024,,739600,,,,,
dataflow,ESTAT:NAMA_10_PC(1.0),Gross domestic product (GDP) and main components per capita - annual data,A,Annual,CP_NAC_HAB,"Current prices, units of national currency per capita",B1GQ,Gross domestic product at market prices,CZ,Czechia,2025,,785410,,,,,
dataflow,ESTAT:NAMA_10_PC(1.0),Gross domestic product (GDP) and main components per capita - annual data,A,Annual,CP_NAC_HAB,"Current prices, units of national currency per capita",B1GQ,Gross domestic product at market prices,DE,Germany,2016,,39030,,,,,
dataflow,ESTAT:NAMA_10_PC(1.0),Gross domestic product (GDP) and main components per capita - annual data,A,Annual,CP_NAC_HAB,"Current prices, units of national currency per capita",B1GQ,Gross domestic product at market prices,DE,Germany,2017,,40630,,,,,
dataflow,ESTAT:NAMA_10_PC(1.0),Gross domestic product (GDP) and main components per capita - annual data,A,Annual,CP_NAC_HAB,"Current prices, units of national currency per capita",B1GQ,Gross domestic product at market prices,DE,Germany,2018,,41800,,,,,
dataflow,ESTAT:NAMA_10_PC(1.0),Gross domestic product (GDP) and main components per capita - annual data,A,Annual,CP_NAC_HAB,"Current prices, units of national currency per capita",B1GQ,Gross domestic product at market prices,DE,Germany,2019,,43030,,,,,
dataflow,ESTAT:NAMA_10_PC(1.0),Gross domestic product (GDP) and main components per capita - annual data,A,Annual,CP_NAC_HAB,"Current prices, units of national currency per capita",B1GQ,Gross domestic product at market prices,DE,Germany,2020,,42020,,,,,
dataflow,ESTAT:NAMA_10_PC(1.0),Gross domestic product (GDP) and main components per capita - annual data,A,Annual,CP_NAC_HAB,"Current prices, units of national currency per capita",B1GQ,Gross domestic product at market prices,DE,Germany,2021,,44910,,,,,
dataflow,ESTAT:NAMA_10_PC(1.0),Gross domestic product (GDP) and main components per capita - annual data,A,Annual,CP_NAC_HAB,"Current prices, units of national currency per capita",B1GQ,Gross domestic product at market prices,DE,Germany,2022,,48340,,p,provisional,,
dataflow,ESTAT:NAMA_10_PC(1.0),Gross domestic product (GDP) and main components per capita - annual data,A,Annual,CP_NAC_HAB,"Current prices, units of national currency per capita",B1GQ,Gross domestic product at market prices,DE,Germany,2023,,50660,,p,provisional,,
dataflow,ESTAT:NAMA_10_PC(1.0),Gross domestic product (GDP) and main components per capita - annual data,A,Annual,CP_NAC_HAB,"Current prices, units of national currency per capita",B1GQ,Gross domestic product at market prices,DE,Germany,2024,,51830,,p,provisional,,
dataflow,ESTAT:NAMA_10_PC(1.0),Gross domestic product (GDP) and main components per capita - annual data,A,Annual,CP_NAC_HAB,"Current prices, units of national currency per capita",B1GQ,Gross domestic product at market prices,DE,Germany,2025,,53520,,p,provisional,,
dataflow,ESTAT:NAMA_10_PC(1.0),Gross domestic product (GDP) and main components per capita - annual data,A,Annual,CP_NAC_HAB,"Current prices, units of national currency per capita",B1GQ,Gross domestic product at market prices,DK,Denmark,2016,,366840,,,,,
dataflow,ESTAT:NAMA_10_PC(1.0),Gross domestic product (GDP) and main components per capita - annual data,A,Annual,CP_NAC_HAB,"Current prices, units of national currency per capita",B1GQ,Gross domestic product at market prices,DK,Denmark,2017,,379800,,,,,
dataflow,ESTAT:NAMA_10_PC(1.0),Gross domestic product (GDP) and main components per capita - annual data,A,Annual,CP_NAC_HAB,"Current prices, units of national currency per capita",B1GQ,Gross domestic product at market prices,DK,Denmark,2018,,387230,,,,,
dataflow,ESTAT:NAMA_10_PC(1.0),Gross domestic product (GDP) and main components per capita - annual data,A,Annual,CP_NAC_HAB,"Current prices, units of national currency per capita",B1GQ,Gross domestic product at market prices,DK,Denmark,2019,,396020,,,,,
dataflow,ESTAT:NAMA_10_PC(1.0),Gross domestic product (GDP) and main components per capita - annual data,A,Annual,CP_NAC_HAB,"Current prices, units of national currency per capita",B1GQ,Gross domestic product at market prices,DK,Denmark,2020,,399090,,,,,
dataflow,ESTAT:NAMA_10_PC(1.0),Gross domestic product (GDP) and main components per capita - annual data,A,Annual,CP_NAC_HAB,"Current prices, units of national currency per capita",B1GQ,Gross domestic product at market prices,DK,Denmark,2021,,436130,,,,,
dataflow,ESTAT:NAMA_10_PC(1.0),Gross domestic product (GDP) and main components per capita - annual data,A,Annual,CP_NAC_HAB,"Current prices, units of national currency per capita",B1GQ,Gross domestic product at market prices,DK,Denmark,2022,,479360,,,,,
dataflow,ESTAT:NAMA_10_PC(1.0),Gross domestic product (GDP) and main components per capita - annual data,A,Annual,CP_NAC_HAB,"Current prices, units of national currency per capita",B1GQ,Gross domestic product at market prices,DK,Denmark,2023,,468720,,,,,
dataflow,ESTAT:NAMA_10_PC(1.0),Gross domestic product (GDP) and main components per capita - annual data,A,Annual,CP_NAC_HAB,"Current prices, units of national currency per capita",B1GQ,Gross domestic product at market prices,DK,Denmark,2024,,489710,,,,,
dataflow,ESTAT:NAMA_10_PC(1.0),Gross domestic product (GDP) and main components per capita - annual data,A,Annual,CP_NAC_HAB,"Current prices, units of national currency per capita",B1GQ,Gross domestic product at market prices,DK,Denmark,2025,,509800,,,,,
dataflow,ESTAT:NAMA_10_PC(1.0),Gross domestic product (GDP) and main components per capita - annual data,A,Annual,CP_NAC_HAB,"Current prices, units of national currency per capita",B1GQ,Gross domestic product at market prices,EA,"Euro area (EA11-1999, EA12-2001, EA13-2007, EA15-2008, EA16-2009, EA17-2011, EA18-2014, EA19-2015, EA20-2023, EA21-2026)",2016,,32170,,,,,
dataflow,ESTAT:NAMA_10_PC(1.0),Gross domestic product (GDP) and main components per capita - annual data,A,Annual,CP_NAC_HAB,"Current prices, units of national currency per capita",B1GQ,Gross domestic product at market prices,EA,"Euro area (EA11-1999, EA12-2001, EA13-2007, EA15-2008, EA16-2009, EA17-2011, EA18-2014, EA19-2015, EA20-2023, EA21-2026)",2017,,33320,,,,,
dataflow,ESTAT:NAMA_10_PC(1.0),Gross domestic product (GDP) and main components per capita - annual data,A,Annual,CP_NAC_HAB,"Current prices, units of national currency per capita",B1GQ,Gross domestic product at market prices,EA,"Euro area (EA11-1999, EA12-2001, EA13-2007, EA15-2008, EA16-2009, EA17-2011, EA18-2014, EA19-2015, EA20-2023, EA21-2026)",2018,,34350,,,,,
dataflow,ESTAT:NAMA_10_PC(1.0),Gross domestic product (GDP) and main components per capita - annual data,A,Annual,CP_NAC_HAB,"Current prices, units of national currency per capita",B1GQ,Gross domestic product at market prices,EA,"Euro area (EA11-1999, EA12-2001, EA13-2007, EA15-2008, EA16-2009, EA17-2011, EA18-2014, EA19-2015, EA20-2023, EA21-2026)",2019,,35410,,,,,
dataflow,ESTAT:NAMA_10_PC(1.0),Gross domestic product (GDP) and main components per capita - annual data,A,Annual,CP_NAC_HAB,"Current prices, units of national currency per capita",B1GQ,Gross domestic product at market prices,EA,"Euro area (EA11-1999, EA12-2001, EA13-2007, EA15-2008, EA16-2009, EA17-2011, EA18-2014, EA19-2015, EA20-2023, EA21-2026)",2020,,33840,,,,,
dataflow,ESTAT:NAMA_10_PC(1.0),Gross domestic product (GDP) and main components per capita - annual data,A,Annual,CP_NAC_HAB,"Current prices, units of national currency per capita",B1GQ,Gross domestic product at market prices,EA,"Euro area (EA11-1999, EA12-2001, EA13-2007, EA15-2008, EA16-2009, EA17-2011, EA18-2014, EA19-2015, EA20-2023, EA21-2026)",2021,,36750,,,,,
dataflow,ESTAT:NAMA_10_PC(1.0),Gross domestic product (GDP) and main components per capita - annual data,A,Annual,CP_NAC_HAB,"Current prices, units of national currency per capita",B1GQ,Gross domestic product at market prices,EA,"Euro area (EA11-1999, EA12-2001, EA13-2007, EA15-2008, EA16-2009, EA17-2011, EA18-2014, EA19-2015, EA20-2023, EA21-2026)",2022,,39860,,,,,
dataflow,ESTAT:NAMA_10_PC(1.0),Gross domestic product (GDP) and main components per capita - annual data,A,Annual,CP_NAC_HAB,"Current prices, units of national currency per capita",B1GQ,Gross domestic product at market prices,EA,"Euro area (EA11-1999, EA12-2001, EA13-2007, EA15-2008, EA16-2009, EA17-2011, EA18-2014, EA19-2015, EA20-2023, EA21-2026)",2023,,41950,,,,,
dataflow,ESTAT:NAMA_10_PC(1.0),Gross domestic product (GDP) and main components per capita - annual data,A,Annual,CP_NAC_HAB,"Current prices, units of national currency per capita",B1GQ,Gross domestic product at market prices,EA,"Euro area (EA11-1999, EA12-2001, EA13-2007, EA15-2008, EA16-2009, EA17-2011, EA18-2014, EA19-2015, EA20-2023, EA21-2026)",2024,,43410,,,,,
dataflow,ESTAT:NAMA_10_PC(1.0),Gross domestic product (GDP) and main components per capita - annual data,A,Annual,CP_NAC_HAB,"Current prices, units of national currency per capita",B1GQ,Gross domestic product at market prices,EA,"Euro area (EA11-1999, EA12-2001, EA13-2007, EA15-2008, EA16-2009, EA17-2011, EA18-2014, EA19-2015, EA20-2023, EA21-2026)",2025,,44950,,,,,
dataflow,ESTAT:NAMA_10_PC(1.0),Gross domestic product (GDP) and main components per capita - annual data,A,Annual,CP_NAC_HAB,"Current prices, units of national currency per capita",B1GQ,Gross domestic product at market prices,EA12,Euro area - 12 countries (2001-2006),2016,,32920,,,,,
dataflow,ESTAT:NAMA_10_PC(1.0),Gross domestic product (GDP) and main components per capita - annual data,A,Annual,CP_NAC_HAB,"Current prices, units of national currency per capita",B1GQ,Gross domestic product at market prices,EA12,Euro area - 12 countries (2001-2006),2017,,34080,,,,,
dataflow,ESTAT:NAMA_10_PC(1.0),Gross domestic product (GDP) and main components per capita - annual data,A,Annual,CP_NAC_HAB,"Current prices, units of national currency per capita",B1GQ,Gross domestic product at market prices,EA12,Euro area - 12 countries (2001-2006),2018,,35100,,,,,
dataflow,ESTAT:NAMA_10_PC(1.0),Gross domestic product (GDP) and main components per capita - annual data,A,Annual,CP_NAC_HAB,"Current prices, units of national currency per capita",B1GQ,Gross domestic product at market prices,EA12,Euro area - 12 countries (2001-2006),2019,,36150,,,,,
dataflow,ESTAT:NAMA_10_PC(1.0),Gross domestic product (GDP) and main components per capita - annual data,A,Annual,CP_NAC_HAB,"Current prices, units of national currency per capita",B1GQ,Gross domestic product at market prices,EA12,Euro area - 12 countries (2001-2006),2020,,34530,,,,,
dataflow,ESTAT:NAMA_10_PC(1.0),Gross domestic product (GDP) and main components per capita - annual data,A,Annual,CP_NAC_HAB,"Current prices, units of national currency per capita",B1GQ,Gross domestic product at market prices,EA12,Euro area - 12 countries (2001-2006),2021,,37460,,,,,
dataflow,ESTAT:NAMA_10_PC(1.0),Gross domestic product (GDP) and main components per capita - annual data,A,Annual,CP_NAC_HAB,"Current prices, units of national currency per capita",B1GQ,Gross domestic product at market prices,EA12,Euro area - 12 countries (2001-2006),2022,,40610,,,,,
dataflow,ESTAT:NAMA_10_PC(1.0),Gross domestic product (GDP) and main components per capita - annual data,A,Annual,CP_NAC_HAB,"Current prices, units of national currency per capita",B1GQ,Gross domestic product at market prices,EA12,Euro area - 12 countries (2001-2006),2023,,42940,,,,,
dataflow,ESTAT:NAMA_10_PC(1.0),Gross domestic product (GDP) and main components per capita - annual data,A,Annual,CP_NAC_HAB,"Current prices, units of national currency per capita",B1GQ,Gross domestic product at market prices,EA12,Euro area - 12 countries (2001-2006),2024,,44400,,,,,
dataflow,ESTAT:NAMA_10_PC(1.0),Gross domestic product (GDP) and main components per capita - annual data,A,Annual,CP_NAC_HAB,"Current prices, units of national currency per capita",B1GQ,Gross domestic product at market prices,EA12,Euro area - 12 countries (2001-2006),2025,,45940,,,,,
dataflow,ESTAT:NAMA_10_PC(1.0),Gross domestic product (GDP) and main components per capita - annual data,A,Annual,CP_NAC_HAB,"Current prices, units of national currency per capita",B1GQ,Gross domestic product at market prices,EA19,Euro area - 19 countries  (2015-2022),2016,,32170,,,,,
dataflow,ESTAT:NAMA_10_PC(1.0),Gross domestic product (GDP) and main components per capita - annual data,A,Annual,CP_NAC_HAB,"Current prices, units of national currency per capita",B1GQ,Gross domestic product at market prices,EA19,Euro area - 19 countries  (2015-2022),2017,,33320,,,,,
dataflow,ESTAT:NAMA_10_PC(1.0),Gross domestic product (GDP) and main components per capita - annual data,A,Annual,CP_NAC_HAB,"Current prices, units of national currency per capita",B1GQ,Gross domestic product at market prices,EA19,Euro area - 19 countries  (2015-2022),2018,,34350,,,,,
dataflow,ESTAT:NAMA_10_PC(1.0),Gross domestic product (GDP) and main components per capita - annual data,A,Annual,CP_NAC_HAB,"Current prices, units of national currency per capita",B1GQ,Gross domestic product at market prices,EA19,Euro area - 19 countries  (2015-2022),2019,,35410,,,,,
dataflow,ESTAT:NAMA_10_PC(1.0),Gross domestic product (GDP) and main components per capita - annual data,A,Annual,CP_NAC_HAB,"Current prices, units of national currency per capita",B1GQ,Gross domestic product at market prices,EA19,Euro area - 19 countries  (2015-2022),2020,,33840,,,,,
dataflow,ESTAT:NAMA_10_PC(1.0),Gross domestic product (GDP) and main components per capita - annual data,A,Annual,CP_NAC_HAB,"Current prices, units of national currency per capita",B1GQ,Gross domestic product at market prices,EA19,Euro area - 19 countries  (2015-2022),2021,,36750,,,,,
dataflow,ESTAT:NAMA_10_PC(1.0),Gross domestic product (GDP) and main components per capita - annual data,A,Annual,CP_NAC_HAB,"Current prices, units of national currency per capita",B1GQ,Gross domestic product at market prices,EA19,Euro area - 19 countries  (2015-2022),2022,,39860,,,,,
dataflow,ESTAT:NAMA_10_PC(1.0),Gross domestic product (GDP) and main components per capita - annual data,A,Annual,CP_NAC_HAB,"Current prices, units of national currency per capita",B1GQ,Gross domestic product at market prices,EA19,Euro area - 19 countries  (2015-2022),2023,,42190,,,,,
dataflow,ESTAT:NAMA_10_PC(1.0),Gross domestic product (GDP) and main components per capita - annual data,A,Annual,CP_NAC_HAB,"Current prices, units of national currency per capita",B1GQ,Gross domestic product at market prices,EA19,Euro area - 19 countries  (2015-2022),2024,,43640,,,,,
dataflow,ESTAT:NAMA_10_PC(1.0),Gross domestic product (GDP) and main components per capita - annual data,A,Annual,CP_NAC_HAB,"Current prices, units of national currency per capita",B1GQ,Gross domestic product at market prices,EA19,Euro area - 19 countries  (2015-2022),2025,,45190,,,,,
dataflow,ESTAT:NAMA_10_PC(1.0),Gross domestic product (GDP) and main components per capita - annual data,A,Annual,CP_NAC_HAB,"Current prices, units of national currency per capita",B1GQ,Gross domestic product at market prices,EA20,Euro area – 20 countries (2023-2025),2016,,31920,,,,,
dataflow,ESTAT:NAMA_10_PC(1.0),Gross domestic product (GDP) and main components per capita - annual data,A,Annual,CP_NAC_HAB,"Current prices, units of national currency per capita",B1GQ,Gross domestic product at market prices,EA20,Euro area – 20 countries (2023-2025),2017,,33080,,,,,
dataflow,ESTAT:NAMA_10_PC(1.0),Gross domestic product (GDP) and main components per capita - annual data,A,Annual,CP_NAC_HAB,"Current prices, units of national currency per capita",B1GQ,Gross domestic product at market prices,EA20,Euro area – 20 countries (2023-2025),2018,,34110,,,,,
dataflow,ESTAT:NAMA_10_PC(1.0),Gross domestic product (GDP) and main components per capita - annual data,A,Annual,CP_NAC_HAB,"Current prices, units of national currency per capita",B1GQ,Gross domestic product at market prices,EA20,Euro area – 20 countries (2023-2025),2019,,35160,,,,,
dataflow,ESTAT:NAMA_10_PC(1.0),Gross domestic product (GDP) and main components per capita - annual data,A,Annual,CP_NAC_HAB,"Current prices, units of national currency per capita",B1GQ,Gross domestic product at market prices,EA20,Euro area – 20 countries (2023-2025),2020,,33610,,,,,
dataflow,ESTAT:NAMA_10_PC(1.0),Gross domestic product (GDP) and main components per capita - annual data,A,Annual,CP_NAC_HAB,"Current prices, units of national currency per capita",B1GQ,Gross domestic product at market prices,EA20,Euro area – 20 countries (2023-2025),2021,,36500,,,,,
dataflow,ESTAT:NAMA_10_PC(1.0),Gross domestic product (GDP) and main components per capita - annual data,A,Annual,CP_NAC_HAB,"Current prices, units of national currency per capita",B1GQ,Gross domestic product at market prices,EA20,Euro area – 20 countries (2023-2025),2022,,39610,,,,,
dataflow,ESTAT:NAMA_10_PC(1.0),Gross domestic product (GDP) and main components per capita - annual data,A,Annual,CP_NAC_HAB,"Current prices, units of national currency per capita",B1GQ,Gross domestic product at market prices,EA20,Euro area – 20 countries (2023-2025),2023,,41950,,,,,
dataflow,ESTAT:NAMA_10_PC(1.0),Gross domestic product (GDP) and main components per capita - annual data,A,Annual,CP_NAC_HAB,"Current prices, units of national currency per capita",B1GQ,Gross domestic product at market prices,EA20,Euro area – 20 countries (2023-2025),2024,,43410,,,,,
dataflow,ESTAT:NAMA_10_PC(1.0),Gross domestic product (GDP) and main components per capita - annual data,A,Annual,CP_NAC_HAB,"Current prices, units of national currency per capita",B1GQ,Gross domestic product at market prices,EA20,Euro area – 20 countries (2023-2025),2025,,44950,,,,,
dataflow,ESTAT:NAMA_10_PC(1.0),Gross domestic product (GDP) and main components per capita - annual data,A,Annual,CP_NAC_HAB,"Current prices, units of national currency per capita",B1GQ,Gross domestic product at market prices,EA21,Euro area – 21 countries (from 2026),2016,,31430,,,,,
dataflow,ESTAT:NAMA_10_PC(1.0),Gross domestic product (GDP) and main components per capita - annual data,A,Annual,CP_NAC_HAB,"Current prices, units of national currency per capita",B1GQ,Gross domestic product at market prices,EA21,Euro area – 21 countries (from 2026),2017,,32590,,,,,
dataflow,ESTAT:NAMA_10_PC(1.0),Gross domestic product (GDP) and main components per capita - annual data,A,Annual,CP_NAC_HAB,"Current prices, units of national currency per capita",B1GQ,Gross domestic product at market prices,EA21,Euro area – 21 countries (from 2026),2018,,33620,,,,,
dataflow,ESTAT:NAMA_10_PC(1.0),Gross domestic product (GDP) and main components per capita - annual data,A,Annual,CP_NAC_HAB,"Current prices, units of national currency per capita",B1GQ,Gross domestic product at market prices,EA21,Euro area – 21 countries (from 2026),2019,,34680,,,,,
dataflow,ESTAT:NAMA_10_PC(1.0),Gross domestic product (GDP) and main components per capita - annual data,A,Annual,CP_NAC_HAB,"Current prices, units of national currency per capita",B1GQ,Gross domestic product at market prices,EA21,Euro area – 21 countries (from 2026),2020,,33160,,,,,
dataflow,ESTAT:NAMA_10_PC(1.0),Gross domestic product (GDP) and main components per capita - annual data,A,Annual,CP_NAC_HAB,"Current prices, units of national currency per capita",B1GQ,Gross domestic product at market prices,EA21,Euro area – 21 countries (from 2026),2021,,36030,,,,,
dataflow,ESTAT:NAMA_10_PC(1.0),Gross domestic product (GDP) and main components per capita - annual data,A,Annual,CP_NAC_HAB,"Current prices, units of national currency per capita",B1GQ,Gross domestic product at market prices,EA21,Euro area – 21 countries (from 2026),2022,,39130,,,,,
dataflow,ESTAT:NAMA_10_PC(1.0),Gross domestic product (GDP) and main components per capita - annual data,A,Annual,CP_NAC_HAB,"Current prices, units of national currency per capita",B1GQ,Gross domestic product at market prices,EA21,Euro area – 21 countries (from 2026),2023,,41460,,,,,
dataflow,ESTAT:NAMA_10_PC(1.0),Gross domestic product (GDP) and main components per capita - annual data,A,Annual,CP_NAC_HAB,"Current prices, units of national currency per capita",B1GQ,Gross domestic product at market prices,EA21,Euro area – 21 countries (from 2026),2024,,42920,,,,,
dataflow,ESTAT:NAMA_10_PC(1.0),Gross domestic product (GDP) and main components per capita - annual data,A,Annual,CP_NAC_HAB,"Current prices, units of national currency per capita",B1GQ,Gross domestic product at market prices,EA21,Euro area – 21 countries (from 2026),2025,,44470,,,,,
dataflow,ESTAT:NAMA_10_PC(1.0),Gross domestic product (GDP) and main components per capita - annual data,A,Annual,CP_NAC_HAB,"Current prices, units of national currency per capita",B1GQ,Gross domestic product at market prices,EE,Estonia,2016,,16860,,,,,
dataflow,ESTAT:NAMA_10_PC(1.0),Gross domestic product (GDP) and main components per capita - annual data,A,Annual,CP_NAC_HAB,"Current prices, units of national currency per capita",B1GQ,Gross domestic product at market prices,EE,Estonia,2017,,18480,,,,,
dataflow,ESTAT:NAMA_10_PC(1.0),Gross domestic product (GDP) and main components per capita - annual data,A,Annual,CP_NAC_HAB,"Current prices, units of national currency per capita",B1GQ,Gross domestic product at market prices,EE,Estonia,2018,,20040,,,,,
dataflow,ESTAT:NAMA_10_PC(1.0),Gross domestic product (GDP) and main components per capita - annual data,A,Annual,CP_NAC_HAB,"Current prices, units of national currency per capita",B1GQ,Gross domestic product at market prices,EE,Estonia,2019,,21490,,,,,
dataflow,ESTAT:NAMA_10_PC(1.0),Gross domestic product (GDP) and main components per capita - annual data,A,Annual,CP_NAC_HAB,"Current prices, units of national currency per capita",B1GQ,Gross domestic product at market prices,EE,Estonia,2020,,20960,,,,,
dataflow,ESTAT:NAMA_10_PC(1.0),Gross domestic product (GDP) and main components per capita - annual data,A,Annual,CP_NAC_HAB,"Current prices, units of national currency per capita",B1GQ,Gross domestic product at market prices,EE,Estonia,2021,,23650,,,,,
dataflow,ESTAT:NAMA_10_PC(1.0),Gross domestic product (GDP) and main components per capita - annual data,A,Annual,CP_NAC_HAB,"Current prices, units of national currency per capita",B1GQ,Gross domestic product at market prices,EE,Estonia,2022,,27260,,,,,
dataflow,ESTAT:NAMA_10_PC(1.0),Gross domestic product (GDP) and main components per capita - annual data,A,Annual,CP_NAC_HAB,"Current prices, units of national currency per capita",B1GQ,Gross domestic product at market prices,EE,Estonia,2023,,28080,,,,,
dataflow,ESTAT:NAMA_10_PC(1.0),Gross domestic product (GDP) and main components per capita - annual data,A,Annual,CP_NAC_HAB,"Current prices, units of national currency per capita",B1GQ,Gross domestic product at market prices,EE,Estonia,2024,,28990,,,,,
dataflow,ESTAT:NAMA_10_PC(1.0),Gross domestic product (GDP) and main components per capita - annual data,A,Annual,CP_NAC_HAB,"Current prices, units of national currency per capita",B1GQ,Gross domestic product at market prices,EE,Estonia,2025,,30380,,,,,
dataflow,ESTAT:NAMA_10_PC(1.0),Gross domestic product (GDP) and main components per capita - annual data,A,Annual,CP_NAC_HAB,"Current prices, units of national currency per capita",B1GQ,Gross domestic product at market prices,EL,Greece,2016,,16190,,p,provisional,,
dataflow,ESTAT:NAMA_10_PC(1.0),Gross domestic product (GDP) and main components per capita - annual data,A,Annual,CP_NAC_HAB,"Current prices, units of national currency per capita",B1GQ,Gross domestic product at market prices,EL,Greece,2017,,16490,,p,provisional,,
dataflow,ESTAT:NAMA_10_PC(1.0),Gross domestic product (GDP) and main components per capita - annual data,A,Annual,CP_NAC_HAB,"Current prices, units of national currency per capita",B1GQ,Gross domestic product at market prices,EL,Greece,2018,,16830,,p,provisional,,
dataflow,ESTAT:NAMA_10_PC(1.0),Gross domestic product (GDP) and main components per capita - annual data,A,Annual,CP_NAC_HAB,"Current prices, units of national currency per capita",B1GQ,Gross domestic product at market prices,EL,Greece,2019,,17270,,p,provisional,,
dataflow,ESTAT:NAMA_10_PC(1.0),Gross domestic product (GDP) and main components per capita - annual data,A,Annual,CP_NAC_HAB,"Current prices, units of national currency per capita",B1GQ,Gross domestic product at market prices,EL,Greece,2020,,15660,,p,provisional,,
dataflow,ESTAT:NAMA_10_PC(1.0),Gross domestic product (GDP) and main components per capita - annual data,A,Annual,CP_NAC_HAB,"Current prices, units of national currency per capita",B1GQ,Gross domestic product at market prices,EL,Greece,2021,,17350,,p,provisional,,
dataflow,ESTAT:NAMA_10_PC(1.0),Gross domestic product (GDP) and main components per capita - annual data,A,Annual,CP_NAC_HAB,"Current prices, units of national currency per capita",B1GQ,Gross domestic product at market prices,EL,Greece,2022,,19570,,p,provisional,,
dataflow,ESTAT:NAMA_10_PC(1.0),Gross domestic product (GDP) and main components per capita - annual data,A,Annual,CP_NAC_HAB,"Current prices, units of national currency per capita",B1GQ,Gross domestic product at market prices,EL,Greece,2023,,21300,,p,provisional,,
dataflow,ESTAT:NAMA_10_PC(1.0),Gross domestic product (GDP) and main components per capita - annual data,A,Annual,CP_NAC_HAB,"Current prices, units of national currency per capita",B1GQ,Gross domestic product at market prices,EL,Greece,2024,,22480,,p,provisional,,
dataflow,ESTAT:NAMA_10_PC(1.0),Gross domestic product (GDP) and main components per capita - annual data,A,Annual,CP_NAC_HAB,"Current prices, units of national currency per capita",B1GQ,Gross domestic product at market prices,EL,Greece,2025,,23570,,p,provisional,,
dataflow,ESTAT:NAMA_10_PC(1.0),Gross domestic product (GDP) and main components per capita - annual data,A,Annual,CP_NAC_HAB,"Current prices, units of national currency per capita",B1GQ,Gross domestic product at market prices,ES,Spain,2016,,24190,,,,,
dataflow,ESTAT:NAMA_10_PC(1.0),Gross domestic product (GDP) and main components per capita - annual data,A,Annual,CP_NAC_HAB,"Current prices, units of national currency per capita",B1GQ,Gross domestic product at market prices,ES,Spain,2017,,25160,,,,,
dataflow,ESTAT:NAMA_10_PC(1.0),Gross domestic product (GDP) and main components per capita - annual data,A,Annual,CP_NAC_HAB,"Current prices, units of national currency per capita",B1GQ,Gross domestic product at market prices,ES,Spain,2018,,25950,,,,,
dataflow,ESTAT:NAMA_10_PC(1.0),Gross domestic product (GDP) and main components per capita - annual data,A,Annual,CP_NAC_HAB,"Current prices, units of national currency per capita",B1GQ,Gross domestic product at market prices,ES,Spain,2019,,26620,,,,,
dataflow,ESTAT:NAMA_10_PC(1.0),Gross domestic product (GDP) and main components per capita - annual data,A,Annual,CP_NAC_HAB,"Current prices, units of national currency per capita",B1GQ,Gross domestic product at market prices,ES,Spain,2020,,23850,,,,,
dataflow,ESTAT:NAMA_10_PC(1.0),Gross domestic product (GDP) and main components per capita - annual data,A,Annual,CP_NAC_HAB,"Current prices, units of national currency per capita",B1GQ,Gross domestic product at market prices,ES,Spain,2021,,26090,,,,,
dataflow,ESTAT:NAMA_10_PC(1.0),Gross domestic product (GDP) and main components per capita - annual data,A,Annual,CP_NAC_HAB,"Current prices, units of national currency per capita",B1GQ,Gross domestic product at market prices,ES,Spain,2022,,28790,,,,,
dataflow,ESTAT:NAMA_10_PC(1.0),Gross domestic product (GDP) and main components per capita - annual data,A,Annual,CP_NAC_HAB,"Current prices, units of national currency per capita",B1GQ,Gross domestic product at market prices,ES,Spain,2023,,30980,,p,provisional,,
dataflow,ESTAT:NAMA_10_PC(1.0),Gross domestic product (GDP) and main components per capita - annual data,A,Annual,CP_NAC_HAB,"Current prices, units of national currency per capita",B1GQ,Gross domestic product at market prices,ES,Spain,2024,,32630,,p,provisional,,
dataflow,ESTAT:NAMA_10_PC(1.0),Gross domestic product (GDP) and main components per capita - annual data,A,Annual,CP_NAC_HAB,"Current prices, units of national currency per capita",B1GQ,Gross domestic product at market prices,ES,Spain,2025,,34210,,p,provisional,,
dataflow,ESTAT:NAMA_10_PC(1.0),Gross domestic product (GDP) and main components per capita - annual data,A,Annual,CP_NAC_HAB,"Current prices, units of national currency per capita",B1GQ,Gross domestic product at market prices,EU27_2020,European Union - 27 countries (from 2020),2016,,28490,,,,,
dataflow,ESTAT:NAMA_10_PC(1.0),Gross domestic product (GDP) and main components per capita - annual data,A,Annual,CP_NAC_HAB,"Current prices, units of national currency per capita",B1GQ,Gross domestic product at market prices,EU27_2020,European Union - 27 countries (from 2020),2017,,29650,,,,,
dataflow,ESTAT:NAMA_10_PC(1.0),Gross domestic product (GDP) and main components per capita - annual data,A,Annual,CP_NAC_HAB,"Current prices, units of national currency per capita",B1GQ,Gross domestic product at market prices,EU27_2020,European Union - 27 countries (from 2020),2018,,30640,,,,,
dataflow,ESTAT:NAMA_10_PC(1.0),Gross domestic product (GDP) and main components per capita - annual data,A,Annual,CP_NAC_HAB,"Current prices, units of national currency per capita",B1GQ,Gross domestic product at market prices,EU27_2020,European Union - 27 countries (from 2020),2019,,31700,,,,,
dataflow,ESTAT:NAMA_10_PC(1.0),Gross domestic product (GDP) and main components per capita - annual data,A,Annual,CP_NAC_HAB,"Current prices, units of national currency per capita",B1GQ,Gross domestic product at market prices,EU27_2020,European Union - 27 countries (from 2020),2020,,30510,,b,break in time series,,
dataflow,ESTAT:NAMA_10_PC(1.0),Gross domestic product (GDP) and main components per capita - annual data,A,Annual,CP_NAC_HAB,"Current prices, units of national currency per capita",B1GQ,Gross domestic product at market prices,EU27_2020,European Union - 27 countries (from 2020),2021,,33260,,,,,
dataflow,ESTAT:NAMA_10_PC(1.0),Gross domestic product (GDP) and main components per capita - annual data,A,Annual,CP_NAC_HAB,"Current prices, units of national currency per capita",B1GQ,Gross domestic product at market prices,EU27_2020,European Union - 27 countries (from 2020),2022,,36140,,,,,
dataflow,ESTAT:NAMA_10_PC(1.0),Gross domestic product (GDP) and main components per capita - annual data,A,Annual,CP_NAC_HAB,"Current prices, units of national currency per capita",B1GQ,Gross domestic product at market prices,EU27_2020,European Union - 27 countries (from 2020),2023,,38380,,,,,
dataflow,ESTAT:NAMA_10_PC(1.0),Gross domestic product (GDP) and main components per capita - annual data,A,Annual,CP_NAC_HAB,"Current prices, units of national currency per capita",B1GQ,Gross domestic product at market prices,EU27_2020,European Union - 27 countries (from 2020),2024,,39960,,,,,
dataflow,ESTAT:NAMA_10_PC(1.0),Gross domestic product (GDP) and main components per capita - annual data,A,Annual,CP_NAC_HAB,"Current prices, units of national currency per capita",B1GQ,Gross domestic product at market prices,EU27_2020,European Union - 27 countries (from 2020),2025,,41620,,,,,
dataflow,ESTAT:NAMA_10_PC(1.0),Gross domestic product (GDP) and main components per capita - annual data,A,Annual,CP_NAC_HAB,"Current prices, units of national currency per capita",B1GQ,Gross domestic product at market prices,FI,Finland,2016,,39250,,,,,
dataflow,ESTAT:NAMA_10_PC(1.0),Gross domestic product (GDP) and main components per capita - annual data,A,Annual,CP_NAC_HAB,"Current prices, units of national currency per capita",B1GQ,Gross domestic product at market prices,FI,Finland,2017,,40790,,,,,
dataflow,ESTAT:NAMA_10_PC(1.0),Gross domestic product (GDP) and main components per capita - annual data,A,Annual,CP_NAC_HAB,"Current prices, units of national currency per capita",B1GQ,Gross domestic product at market prices,FI,Finland,2018,,42040,,,,,
dataflow,ESTAT:NAMA_10_PC(1.0),Gross domestic product (GDP) and main components per capita - annual data,A,Annual,CP_NAC_HAB,"Current prices, units of national currency per capita",B1GQ,Gross domestic product at market prices,FI,Finland,2019,,43200,,,,,
dataflow,ESTAT:NAMA_10_PC(1.0),Gross domestic product (GDP) and main components per capita - annual data,A,Annual,CP_NAC_HAB,"Current prices, units of national currency per capita",B1GQ,Gross domestic product at market prices,FI,Finland,2020,,42740,,,,,
dataflow,ESTAT:NAMA_10_PC(1.0),Gross domestic product (GDP) and main components per capita - annual data,A,Annual,CP_NAC_HAB,"Current prices, units of national currency per capita",B1GQ,Gross domestic product at market prices,FI,Finland,2021,,44890,,,,,
dataflow,ESTAT:NAMA_10_PC(1.0),Gross domestic product (GDP) and main components per capita - annual data,A,Annual,CP_NAC_HAB,"Current prices, units of national currency per capita",B1GQ,Gross domestic product at market prices,FI,Finland,2022,,47890,,,,,
dataflow,ESTAT:NAMA_10_PC(1.0),Gross domestic product (GDP) and main components per capita - annual data,A,Annual,CP_NAC_HAB,"Current prices, units of national currency per capita",B1GQ,Gross domestic product at market prices,FI,Finland,2023,,48950,,,,,
dataflow,ESTAT:NAMA_10_PC(1.0),Gross domestic product (GDP) and main components per capita - annual data,A,Annual,CP_NAC_HAB,"Current prices, units of national currency per capita",B1GQ,Gross domestic product at market prices,FI,Finland,2024,,49100,,,,,
dataflow,ESTAT:NAMA_10_PC(1.0),Gross domestic product (GDP) and main components per capita - annual data,A,Annual,CP_NAC_HAB,"Current prices, units of national currency per capita",B1GQ,Gross domestic product at market prices,FI,Finland,2025,,49710,,,,,
dataflow,ESTAT:NAMA_10_PC(1.0),Gross domestic product (GDP) and main components per capita - annual data,A,Annual,CP_NAC_HAB,"Current prices, units of national currency per capita",B1GQ,Gross domestic product at market prices,FR,France,2016,,33530,,,,,
dataflow,ESTAT:NAMA_10_PC(1.0),Gross domestic product (GDP) and main components per capita - annual data,A,Annual,CP_NAC_HAB,"Current prices, units of national currency per capita",B1GQ,Gross domestic product at market prices,FR,France,2017,,34290,,,,,
dataflow,ESTAT:NAMA_10_PC(1.0),Gross domestic product (GDP) and main components per capita - annual data,A,Annual,CP_NAC_HAB,"Current prices, units of national currency per capita",B1GQ,Gross domestic product at market prices,FR,France,2018,,35080,,,,,
dataflow,ESTAT:NAMA_10_PC(1.0),Gross domestic product (GDP) and main components per capita - annual data,A,Annual,CP_NAC_HAB,"Current prices, units of national currency per capita",B1GQ,Gross domestic product at market prices,FR,France,2019,,36090,,,,,
dataflow,ESTAT:NAMA_10_PC(1.0),Gross domestic product (GDP) and main components per capita - annual data,A,Annual,CP_NAC_HAB,"Current prices, units of national currency per capita",B1GQ,Gross domestic product at market prices,FR,France,2020,,34280,,,,,
dataflow,ESTAT:NAMA_10_PC(1.0),Gross domestic product (GDP) and main components per capita - annual data,A,Annual,CP_NAC_HAB,"Current prices, units of national currency per capita",B1GQ,Gross domestic product at market prices,FR,France,2021,,36920,,,,,
dataflow,ESTAT:NAMA_10_PC(1.0),Gross domestic product (GDP) and main components per capita - annual data,A,Annual,CP_NAC_HAB,"Current prices, units of national currency per capita",B1GQ,Gross domestic product at market prices,FR,France,2022,,38920,,,,,
dataflow,ESTAT:NAMA_10_PC(1.0),Gross domestic product (GDP) and main components per capita - annual data,A,Annual,CP_NAC_HAB,"Current prices, units of national currency per capita",B1GQ,Gross domestic product at market prices,FR,France,2023,,41340,,p,provisional,,
dataflow,ESTAT:NAMA_10_PC(1.0),Gross domestic product (GDP) and main components per capita - annual data,A,Annual,CP_NAC_HAB,"Current prices, units of national currency per capita",B1GQ,Gross domestic product at market prices,FR,France,2024,,42590,,p,provisional,,
dataflow,ESTAT:NAMA_10_PC(1.0),Gross domestic product (GDP) and main components per capita - annual data,A,Annual,CP_NAC_HAB,"Current prices, units of national currency per capita",B1GQ,Gross domestic product at market prices,FR,France,2025,,43350,,p,provisional,,
dataflow,ESTAT:NAMA_10_PC(1.0),Gross domestic product (GDP) and main components per capita - annual data,A,Annual,CP_NAC_HAB,"Current prices, units of national currency per capita",B1GQ,Gross domestic product at market prices,HR,Croatia,2016,,11610,,,,,
dataflow,ESTAT:NAMA_10_PC(1.0),Gross domestic product (GDP) and main components per capita - annual data,A,Annual,CP_NAC_HAB,"Current prices, units of national currency per capita",B1GQ,Gross domestic product at market prices,HR,Croatia,2017,,12310,,,,,
dataflow,ESTAT:NAMA_10_PC(1.0),Gross domestic product (GDP) and main components per capita - annual data,A,Annual,CP_NAC_HAB,"Current prices, units of national currency per capita",B1GQ,Gross domestic product at market prices,HR,Croatia,2018,,13100,,,,,
dataflow,ESTAT:NAMA_10_PC(1.0),Gross domestic product (GDP) and main components per capita - annual data,A,Annual,CP_NAC_HAB,"Current prices, units of national currency per capita",B1GQ,Gross domestic product at market prices,HR,Croatia,2019,,13910,,,,,
dataflow,ESTAT:NAMA_10_PC(1.0),Gross domestic product (GDP) and main components per capita - annual data,A,Annual,CP_NAC_HAB,"Current prices, units of national currency per capita",B1GQ,Gross domestic product at market prices,HR,Croatia,2020,,12980,,,,,
dataflow,ESTAT:NAMA_10_PC(1.0),Gross domestic product (GDP) and main components per capita - annual data,A,Annual,CP_NAC_HAB,"Current prices, units of national currency per capita",B1GQ,Gross domestic product at market prices,HR,Croatia,2021,,15060,,,,,
dataflow,ESTAT:NAMA_10_PC(1.0),Gross domestic product (GDP) and main components per capita - annual data,A,Annual,CP_NAC_HAB,"Current prices, units of national currency per capita",B1GQ,Gross domestic product at market prices,HR,Croatia,2022,,17540,,,,,
dataflow,ESTAT:NAMA_10_PC(1.0),Gross domestic product (GDP) and main components per capita - annual data,A,Annual,CP_NAC_HAB,"Current prices, units of national currency per capita",B1GQ,Gross domestic product at market prices,HR,Croatia,2023,,20530,,,,,
dataflow,ESTAT:NAMA_10_PC(1.0),Gross domestic product (GDP) and main components per capita - annual data,A,Annual,CP_NAC_HAB,"Current prices, units of national currency per capita",B1GQ,Gross domestic product at market prices,HR,Croatia,2024,,22200,,p,provisional,,
dataflow,ESTAT:NAMA_10_PC(1.0),Gross domestic product (GDP) and main components per capita - annual data,A,Annual,CP_NAC_HAB,"Current prices, units of national currency per capita",B1GQ,Gross domestic product at market prices,HR,Croatia,2025,,23950,,p,provisional,,
dataflow,ESTAT:NAMA_10_PC(1.0),Gross domestic product (GDP) and main components per capita - annual data,A,Annual,CP_NAC_HAB,"Current prices, units of national currency per capita",B1GQ,Gross domestic product at market prices,HU,Hungary,2016,,3720570,,,,,
dataflow,ESTAT:NAMA_10_PC(1.0),Gross domestic product (GDP) and main components per capita - annual data,A,Annual,CP_NAC_HAB,"Current prices, units of national currency per capita",B1GQ,Gross domestic product at market prices,HU,Hungary,2017,,4044100,,,,,
dataflow,ESTAT:NAMA_10_PC(1.0),Gross domestic product (GDP) and main components per capita - annual data,A,Annual,CP_NAC_HAB,"Current prices, units of national currency per capita",B1GQ,Gross domestic product at market prices,HU,Hungary,2018,,4486880,,,,,
dataflow,ESTAT:NAMA_10_PC(1.0),Gross domestic product (GDP) and main components per capita - annual data,A,Annual,CP_NAC_HAB,"Current prices, units of national currency per capita",B1GQ,Gross domestic product at market prices,HU,Hungary,2019,,4944960,,,,,
dataflow,ESTAT:NAMA_10_PC(1.0),Gross domestic product (GDP) and main components per capita - annual data,A,Annual,CP_NAC_HAB,"Current prices, units of national currency per capita",B1GQ,Gross domestic product at market prices,HU,Hungary,2020,,5047120,,,,,
dataflow,ESTAT:NAMA_10_PC(1.0),Gross domestic product (GDP) and main components per capita - annual data,A,Annual,CP_NAC_HAB,"Current prices, units of national currency per capita",B1GQ,Gross domestic product at market prices,HU,Hungary,2021,,5768960,,,,,
dataflow,ESTAT:NAMA_10_PC(1.0),Gross domestic product (GDP) and main components per capita - annual data,A,Annual,CP_NAC_HAB,"Current prices, units of national currency per capita",B1GQ,Gross domestic product at market prices,HU,Hungary,2022,,6866210,,,,,
dataflow,ESTAT:NAMA_10_PC(1.0),Gross domestic product (GDP) and main components per capita - annual data,A,Annual,CP_NAC_HAB,"Current prices, units of national currency per capita",B1GQ,Gross domestic product at market prices,HU,Hungary,2023,,7841620,,,,,
dataflow,ESTAT:NAMA_10_PC(1.0),Gross domestic product (GDP) and main components per capita - annual data,A,Annual,CP_NAC_HAB,"Current prices, units of national currency per capita",B1GQ,Gross domestic product at market prices,HU,Hungary,2024,,8522590,,,,,
dataflow,ESTAT:NAMA_10_PC(1.0),Gross domestic product (GDP) and main components per capita - annual data,A,Annual,CP_NAC_HAB,"Current prices, units of national currency per capita",B1GQ,Gross domestic product at market prices,HU,Hungary,2025,,9149030,,p,provisional,,
dataflow,ESTAT:NAMA_10_PC(1.0),Gross domestic product (GDP) and main components per capita - annual data,A,Annual,CP_NAC_HAB,"Current prices, units of national currency per capita",B1GQ,Gross domestic product at market prices,IE,Ireland,2016,,58060,,,,,
dataflow,ESTAT:NAMA_10_PC(1.0),Gross domestic product (GDP) and main components per capita - annual data,A,Annual,CP_NAC_HAB,"Current prices, units of national currency per capita",B1GQ,Gross domestic product at market prices,IE,Ireland,2017,,63960,,,,,
dataflow,ESTAT:NAMA_10_PC(1.0),Gross domestic product (GDP) and main components per capita - annual data,A,Annual,CP_NAC_HAB,"Current prices, units of national currency per capita",B1GQ,Gross domestic product at market prices,IE,Ireland,2018,,68530,,,,,
dataflow,ESTAT:NAMA_10_PC(1.0),Gross domestic product (GDP) and main components per capita - annual data,A,Annual,CP_NAC_HAB,"Current prices, units of national currency per capita",B1GQ,Gross domestic product at market prices,IE,Ireland,2019,,73230,,,,,
dataflow,ESTAT:NAMA_10_PC(1.0),Gross domestic product (GDP) and main components per capita - annual data,A,Annual,CP_NAC_HAB,"Current prices, units of national currency per capita",B1GQ,Gross domestic product at market prices,IE,Ireland,2020,,75820,,,,,
dataflow,ESTAT:NAMA_10_PC(1.0),Gross domestic product (GDP) and main components per capita - annual data,A,Annual,CP_NAC_HAB,"Current prices, units of national currency per capita",B1GQ,Gross domestic product at market prices,IE,Ireland,2021,,88070,,,,,
dataflow,ESTAT:NAMA_10_PC(1.0),Gross domestic product (GDP) and main components per capita - annual data,A,Annual,CP_NAC_HAB,"Current prices, units of national currency per capita",B1GQ,Gross domestic product at market prices,IE,Ireland,2022,,100140,,,,,
dataflow,ESTAT:NAMA_10_PC(1.0),Gross domestic product (GDP) and main components per capita - annual data,A,Annual,CP_NAC_HAB,"Current prices, units of national currency per capita",B1GQ,Gross domestic product at market prices,IE,Ireland,2023,,99080,,,,,
dataflow,ESTAT:NAMA_10_PC(1.0),Gross domestic product (GDP) and main components per capita - annual data,A,Annual,CP_NAC_HAB,"Current prices, units of national currency per capita",B1GQ,Gross domestic product at market prices,IE,Ireland,2024,,104510,,,,,
dataflow,ESTAT:NAMA_10_PC(1.0),Gross domestic product (GDP) and main components per capita - annual data,A,Annual,CP_NAC_HAB,"Current prices, units of national currency per capita",B1GQ,Gross domestic product at market prices,IE,Ireland,2025,,116770,,,,,
dataflow,ESTAT:NAMA_10_PC(1.0),Gross domestic product (GDP) and main components per capita - annual data,A,Annual,CP_NAC_HAB,"Current prices, units of national currency per capita",B1GQ,Gross domestic product at market prices,IS,Iceland,2016,,7735060,,p,provisional,,
dataflow,ESTAT:NAMA_10_PC(1.0),Gross domestic product (GDP) and main components per capita - annual data,A,Annual,CP_NAC_HAB,"Current prices, units of national currency per capita",B1GQ,Gross domestic product at market prices,IS,Iceland,2017,,7937770,,p,provisional,,
dataflow,ESTAT:NAMA_10_PC(1.0),Gross domestic product (GDP) and main components per capita - annual data,A,Annual,CP_NAC_HAB,"Current prices, units of national currency per capita",B1GQ,Gross domestic product at market prices,IS,Iceland,2018,,8355100,,p,provisional,,
dataflow,ESTAT:NAMA_10_PC(1.0),Gross domestic product (GDP) and main components per capita - annual data,A,Annual,CP_NAC_HAB,"Current prices, units of national currency per capita",B1GQ,Gross domestic product at market prices,IS,Iceland,2019,,8707830,,p,provisional,,
dataflow,ESTAT:NAMA_10_PC(1.0),Gross domestic product (GDP) and main components per capita - annual data,A,Annual,CP_NAC_HAB,"Current prices, units of national currency per capita",B1GQ,Gross domestic product at market prices,IS,Iceland,2020,,8377240,,p,provisional,,
dataflow,ESTAT:NAMA_10_PC(1.0),Gross domestic product (GDP) and main components per capita - annual data,A,Annual,CP_NAC_HAB,"Current prices, units of national currency per capita",B1GQ,Gross domestic product at market prices,IS,Iceland,2021,,9213320,,p,provisional,,
dataflow,ESTAT:NAMA_10_PC(1.0),Gross domestic product (GDP) and main components per capita - annual data,A,Annual,CP_NAC_HAB,"Current prices, units of national currency per capita",B1GQ,Gross domestic product at market prices,IS,Iceland,2022,,10664570,,p,provisional,,
dataflow,ESTAT:NAMA_10_PC(1.0),Gross domestic product (GDP) and main components per capita - annual data,A,Annual,CP_NAC_HAB,"Current prices, units of national currency per capita",B1GQ,Gross domestic product at market prices,IS,Iceland,2023,,11523230,,p,provisional,,
dataflow,ESTAT:NAMA_10_PC(1.0),Gross domestic product (GDP) and main components per capita - annual data,A,Annual,CP_NAC_HAB,"Current prices, units of national currency per capita",B1GQ,Gross domestic product at market prices,IS,Iceland,2024,,11842630,,p,provisional,,
dataflow,ESTAT:NAMA_10_PC(1.0),Gross domestic product (GDP) and main components per capita - annual data,A,Annual,CP_NAC_HAB,"Current prices, units of national currency per capita",B1GQ,Gross domestic product at market prices,IS,Iceland,2025,,12641830,,p,provisional,,
dataflow,ESTAT:NAMA_10_PC(1.0),Gross domestic product (GDP) and main components per capita - annual data,A,Annual,CP_NAC_HAB,"Current prices, units of national currency per capita",B1GQ,Gross domestic product at market prices,IT,Italy,2016,,28360,,,,,
dataflow,ESTAT:NAMA_10_PC(1.0),Gross domestic product (GDP) and main components per capita - annual data,A,Annual,CP_NAC_HAB,"Current prices, units of national currency per capita",B1GQ,Gross domestic product at market prices,IT,Italy,2017,,29070,,,,,
dataflow,ESTAT:NAMA_10_PC(1.0),Gross domestic product (GDP) and main components per capita - annual data,A,Annual,CP_NAC_HAB,"Current prices, units of national currency per capita",B1GQ,Gross domestic product at market prices,IT,Italy,2018,,29690,,,,,
dataflow,ESTAT:NAMA_10_PC(1.0),Gross domestic product (GDP) and main components per capita - annual data,A,Annual,CP_NAC_HAB,"Current prices, units of national currency per capita",B1GQ,Gross domestic product at market prices,IT,Italy,2019,,30200,,,,,
dataflow,ESTAT:NAMA_10_PC(1.0),Gross domestic product (GDP) and main components per capita - annual data,A,Annual,CP_NAC_HAB,"Current prices, units of national currency per capita",B1GQ,Gross domestic product at market prices,IT,Italy,2020,,28100,,,,,
dataflow,ESTAT:NAMA_10_PC(1.0),Gross domestic product (GDP) and main components per capita - annual data,A,Annual,CP_NAC_HAB,"Current prices, units of national currency per capita",B1GQ,Gross domestic product at market prices,IT,Italy,2021,,31160,,,,,
dataflow,ESTAT:NAMA_10_PC(1.0),Gross domestic product (GDP) and main components per capita - annual data,A,Annual,CP_NAC_HAB,"Current prices, units of national currency per capita",B1GQ,Gross domestic product at market prices,IT,Italy,2022,,33860,,,,,
dataflow,ESTAT:NAMA_10_PC(1.0),Gross domestic product (GDP) and main components per capita - annual data,A,Annual,CP_NAC_HAB,"Current prices, units of national currency per capita",B1GQ,Gross domestic product at market prices,IT,Italy,2023,,36330,,,,,
dataflow,ESTAT:NAMA_10_PC(1.0),Gross domestic product (GDP) and main components per capita - annual data,A,Annual,CP_NAC_HAB,"Current prices, units of national currency per capita",B1GQ,Gross domestic product at market prices,IT,Italy,2024,,37350,,,,,
dataflow,ESTAT:NAMA_10_PC(1.0),Gross domestic product (GDP) and main components per capita - annual data,A,Annual,CP_NAC_HAB,"Current prices, units of national currency per capita",B1GQ,Gross domestic product at market prices,IT,Italy,2025,,38310,,e,estimated,,
dataflow,ESTAT:NAMA_10_PC(1.0),Gross domestic product (GDP) and main components per capita - annual data,A,Annual,CP_NAC_HAB,"Current prices, units of national currency per capita",B1GQ,Gross domestic product at market prices,LI,Liechtenstein,2016,,160550,,,,,
dataflow,ESTAT:NAMA_10_PC(1.0),Gross domestic product (GDP) and main components per capita - annual data,A,Annual,CP_NAC_HAB,"Current prices, units of national currency per capita",B1GQ,Gross domestic product at market prices,LI,Liechtenstein,2017,,165300,,,,,
dataflow,ESTAT:NAMA_10_PC(1.0),Gross domestic product (GDP) and main components per capita - annual data,A,Annual,CP_NAC_HAB,"Current prices, units of national currency per capita",B1GQ,Gross domestic product at market prices,LI,Liechtenstein,2018,,168740,,,,,
dataflow,ESTAT:NAMA_10_PC(1.0),Gross domestic product (GDP) and main components per capita - annual data,A,Annual,CP_NAC_HAB,"Current prices, units of national currency per capita",B1GQ,Gross domestic product at market prices,LI,Liechtenstein,2019,,163330,,,,,
dataflow,ESTAT:NAMA_10_PC(1.0),Gross domestic product (GDP) and main components per capita - annual data,A,Annual,CP_NAC_HAB,"Current prices, units of national currency per capita",B1GQ,Gross domestic product at market prices,LI,Liechtenstein,2020,,152510,,,,,
dataflow,ESTAT:NAMA_10_PC(1.0),Gross domestic product (GDP) and main components per capita - annual data,A,Annual,CP_NAC_HAB,"Current prices, units of national currency per capita",B1GQ,Gross domestic product at market prices,LI,Liechtenstein,2021,,182120,,,,,
dataflow,ESTAT:NAMA_10_PC(1.0),Gross domestic product (GDP) and main components per capita - annual data,A,Annual,CP_NAC_HAB,"Current prices, units of national currency per capita",B1GQ,Gross domestic product at market prices,LI,Liechtenstein,2022,,175260,,,,,
dataflow,ESTAT:NAMA_10_PC(1.0),Gross domestic product (GDP) and main components per capita - annual data,A,Annual,CP_NAC_HAB,"Current prices, units of national currency per capita",B1GQ,Gross domestic product at market prices,LI,Liechtenstein,2023,,180600,,p,provisional,,
dataflow,ESTAT:NAMA_10_PC(1.0),Gross domestic product (GDP) and main components per capita - annual data,A,Annual,CP_NAC_HAB,"Current prices, units of national currency per capita",B1GQ,Gross domestic product at market prices,LT,Lithuania,2016,,13490,,,,,
dataflow,ESTAT:NAMA_10_PC(1.0),Gross domestic product (GDP) and main components per capita - annual data,A,Annual,CP_NAC_HAB,"Current prices, units of national currency per capita",B1GQ,Gross domestic product at market prices,LT,Lithuania,2017,,14870,,,,,
dataflow,ESTAT:NAMA_10_PC(1.0),Gross domestic product (GDP) and main components per capita - annual data,A,Annual,CP_NAC_HAB,"Current prices, units of national currency per capita",B1GQ,Gross domestic product at market prices,LT,Lithuania,2018,,16300,,,,,
dataflow,ESTAT:NAMA_10_PC(1.0),Gross domestic product (GDP) and main components per capita - annual data,A,Annual,CP_NAC_HAB,"Current prices, units of national currency per capita",B1GQ,Gross domestic product at market prices,LT,Lithuania,2019,,17520,,,,,
dataflow,ESTAT:NAMA_10_PC(1.0),Gross domestic product (GDP) and main components per capita - annual data,A,Annual,CP_NAC_HAB,"Current prices, units of national currency per capita",B1GQ,Gross domestic product at market prices,LT,Lithuania,2020,,17890,,,,,
dataflow,ESTAT:NAMA_10_PC(1.0),Gross domestic product (GDP) and main components per capita - annual data,A,Annual,CP_NAC_HAB,"Current prices, units of national currency per capita",B1GQ,Gross domestic product at market prices,LT,Lithuania,2021,,20190,,,,,
dataflow,ESTAT:NAMA_10_PC(1.0),Gross domestic product (GDP) and main components per capita - annual data,A,Annual,CP_NAC_HAB,"Current prices, units of national currency per capita",B1GQ,Gross domestic product at market prices,LT,Lithuania,2022,,23690,,,,,
dataflow,ESTAT:NAMA_10_PC(1.0),Gross domestic product (GDP) and main components per capita - annual data,A,Annual,CP_NAC_HAB,"Current prices, units of national currency per capita",B1GQ,Gross domestic product at market prices,LT,Lithuania,2023,,25880,,,,,
dataflow,ESTAT:NAMA_10_PC(1.0),Gross domestic product (GDP) and main components per capita - annual data,A,Annual,CP_NAC_HAB,"Current prices, units of national currency per capita",B1GQ,Gross domestic product at market prices,LT,Lithuania,2024,,27350,,,,,
dataflow,ESTAT:NAMA_10_PC(1.0),Gross domestic product (GDP) and main components per capita - annual data,A,Annual,CP_NAC_HAB,"Current prices, units of national currency per capita",B1GQ,Gross domestic product at market prices,LT,Lithuania,2025,,29170,,,,,
dataflow,ESTAT:NAMA_10_PC(1.0),Gross domestic product (GDP) and main components per capita - annual data,A,Annual,CP_NAC_HAB,"Current prices, units of national currency per capita",B1GQ,Gross domestic product at market prices,LU,Luxembourg,2016,,96230,,,,,
dataflow,ESTAT:NAMA_10_PC(1.0),Gross domestic product (GDP) and main components per capita - annual data,A,Annual,CP_NAC_HAB,"Current prices, units of national currency per capita",B1GQ,Gross domestic product at market prices,LU,Luxembourg,2017,,97440,,,,,
dataflow,ESTAT:NAMA_10_PC(1.0),Gross domestic product (GDP) and main components per capita - annual data,A,Annual,CP_NAC_HAB,"Current prices, units of national currency per capita",B1GQ,Gross domestic product at market prices,LU,Luxembourg,2018,,98870,,,,,
dataflow,ESTAT:NAMA_10_PC(1.0),Gross domestic product (GDP) and main components per capita - annual data,A,Annual,CP_NAC_HAB,"Current prices, units of national currency per capita",B1GQ,Gross domestic product at market prices,LU,Luxembourg,2019,,100420,,,,,
dataflow,ESTAT:NAMA_10_PC(1.0),Gross domestic product (GDP) and main components per capita - annual data,A,Annual,CP_NAC_HAB,"Current prices, units of national currency per capita",B1GQ,Gross domestic product at market prices,LU,Luxembourg,2020,,102190,,,,,
dataflow,ESTAT:NAMA_10_PC(1.0),Gross domestic product (GDP) and main components per capita - annual data,A,Annual,CP_NAC_HAB,"Current prices, units of national currency per capita",B1GQ,Gross domestic product at market prices,LU,Luxembourg,2021,,113920,,,,,
dataflow,ESTAT:NAMA_10_PC(1.0),Gross domestic product (GDP) and main components per capita - annual data,A,Annual,CP_NAC_HAB,"Current prices, units of national currency per capita",B1GQ,Gross domestic product at market prices,LU,Luxembourg,2022,,117100,,,,,
dataflow,ESTAT:NAMA_10_PC(1.0),Gross domestic product (GDP) and main components per capita - annual data,A,Annual,CP_NAC_HAB,"Current prices, units of national currency per capita",B1GQ,Gross domestic product at market prices,LU,Luxembourg,2023,,122970,,,,,
dataflow,ESTAT:NAMA_10_PC(1.0),Gross domestic product (GDP) and main components per capita - annual data,A,Annual,CP_NAC_HAB,"Current prices, units of national currency per capita",B1GQ,Gross domestic product at market prices,LU,Luxembourg,2024,,127030,,,,,
dataflow,ESTAT:NAMA_10_PC(1.0),Gross domestic product (GDP) and main components per capita - annual data,A,Annual,CP_NAC_HAB,"Current prices, units of national currency per capita",B1GQ,Gross domestic product at market prices,LU,Luxembourg,2025,,130300,,p,provisional,,
dataflow,ESTAT:NAMA_10_PC(1.0),Gross domestic product (GDP) and main components per capita - annual data,A,Annual,CP_NAC_HAB,"Current prices, units of national currency per capita",B1GQ,Gross domestic product at market prices,LV,Latvia,2016,,12500,,,,,
dataflow,ESTAT:NAMA_10_PC(1.0),Gross domestic product (GDP) and main components per capita - annual data,A,Annual,CP_NAC_HAB,"Current prices, units of national currency per capita",B1GQ,Gross domestic product at market prices,LV,Latvia,2017,,13400,,,,,
dataflow,ESTAT:NAMA_10_PC(1.0),Gross domestic product (GDP) and main components per capita - annual data,A,Annual,CP_NAC_HAB,"Current prices, units of national currency per capita",B1GQ,Gross domestic product at market prices,LV,Latvia,2018,,14620,,,,,
dataflow,ESTAT:NAMA_10_PC(1.0),Gross domestic product (GDP) and main components per capita - annual data,A,Annual,CP_NAC_HAB,"Current prices, units of national currency per capita",B1GQ,Gross domestic product at market prices,LV,Latvia,2019,,15450,,,,,
dataflow,ESTAT:NAMA_10_PC(1.0),Gross domestic product (GDP) and main components per capita - annual data,A,Annual,CP_NAC_HAB,"Current prices, units of national currency per capita",B1GQ,Gross domestic product at market prices,LV,Latvia,2020,,15370,,,,,
dataflow,ESTAT:NAMA_10_PC(1.0),Gross domestic product (GDP) and main components per capita - annual data,A,Annual,CP_NAC_HAB,"Current prices, units of national currency per capita",B1GQ,Gross domestic product at market prices,LV,Latvia,2021,,17130,,,,,
dataflow,ESTAT:NAMA_10_PC(1.0),Gross domestic product (GDP) and main components per capita - annual data,A,Annual,CP_NAC_HAB,"Current prices, units of national currency per capita",B1GQ,Gross domestic product at market prices,LV,Latvia,2022,,19130,,,,,
dataflow,ESTAT:NAMA_10_PC(1.0),Gross domestic product (GDP) and main components per capita - annual data,A,Annual,CP_NAC_HAB,"Current prices, units of national currency per capita",B1GQ,Gross domestic product at market prices,LV,Latvia,2023,,21030,,,,,
dataflow,ESTAT:NAMA_10_PC(1.0),Gross domestic product (GDP) and main components per capita - annual data,A,Annual,CP_NAC_HAB,"Current prices, units of national currency per capita",B1GQ,Gross domestic product at market prices,LV,Latvia,2024,,21800,,,,,
dataflow,ESTAT:NAMA_10_PC(1.0),Gross domestic product (GDP) and main components per capita - annual data,A,Annual,CP_NAC_HAB,"Current prices, units of national currency per capita",B1GQ,Gross domestic product at market prices,LV,Latvia,2025,,23410,,,,,
dataflow,ESTAT:NAMA_10_PC(1.0),Gross domestic product (GDP) and main components per capita - annual data,A,Annual,CP_NAC_HAB,"Current prices, units of national currency per capita",B1GQ,Gross domestic product at market prices,ME,Montenegro,2016,,6300,,,,,
dataflow,ESTAT:NAMA_10_PC(1.0),Gross domestic product (GDP) and main components per capita - annual data,A,Annual,CP_NAC_HAB,"Current prices, units of national currency per capita",B1GQ,Gross domestic product at market prices,ME,Montenegro,2017,,6790,,,,,
dataflow,ESTAT:NAMA_10_PC(1.0),Gross domestic product (GDP) and main components per capita - annual data,A,Annual,CP_NAC_HAB,"Current prices, units of national currency per capita",B1GQ,Gross domestic product at market prices,ME,Montenegro,2018,,7340,,,,,
dataflow,ESTAT:NAMA_10_PC(1.0),Gross domestic product (GDP) and main components per capita - annual data,A,Annual,CP_NAC_HAB,"Current prices, units of national currency per capita",B1GQ,Gross domestic product at market prices,ME,Montenegro,2019,,7820,,,,,
dataflow,ESTAT:NAMA_10_PC(1.0),Gross domestic product (GDP) and main components per capita - annual data,A,Annual,CP_NAC_HAB,"Current prices, units of national currency per capita",B1GQ,Gross domestic product at market prices,ME,Montenegro,2020,,6610,,,,,
dataflow,ESTAT:NAMA_10_PC(1.0),Gross domestic product (GDP) and main components per capita - annual data,A,Annual,CP_NAC_HAB,"Current prices, units of national currency per capita",B1GQ,Gross domestic product at market prices,ME,Montenegro,2021,,7880,,,,,
dataflow,ESTAT:NAMA_10_PC(1.0),Gross domestic product (GDP) and main components per capita - annual data,A,Annual,CP_NAC_HAB,"Current prices, units of national currency per capita",B1GQ,Gross domestic product at market prices,ME,Montenegro,2022,,9530,,,,,
dataflow,ESTAT:NAMA_10_PC(1.0),Gross domestic product (GDP) and main components per capita - annual data,A,Annual,CP_NAC_HAB,"Current prices, units of national currency per capita",B1GQ,Gross domestic product at market prices,ME,Montenegro,2023,,11340,,,,,
dataflow,ESTAT:NAMA_10_PC(1.0),Gross domestic product (GDP) and main components per capita - annual data,A,Annual,CP_NAC_HAB,"Current prices, units of national currency per capita",B1GQ,Gross domestic product at market prices,ME,Montenegro,2024,,12260,,,,,
dataflow,ESTAT:NAMA_10_PC(1.0),Gross domestic product (GDP) and main components per capita - annual data,A,Annual,CP_NAC_HAB,"Current prices, units of national currency per capita",B1GQ,Gross domestic product at market prices,MK,North Macedonia,2016,,312010,,e,estimated,,
dataflow,ESTAT:NAMA_10_PC(1.0),Gross domestic product (GDP) and main components per capita - annual data,A,Annual,CP_NAC_HAB,"Current prices, units of national currency per capita",B1GQ,Gross domestic product at market prices,MK,North Macedonia,2017,,325550,,e,estimated,,
dataflow,ESTAT:NAMA_10_PC(1.0),Gross domestic product (GDP) and main components per capita - annual data,A,Annual,CP_NAC_HAB,"Current prices, units of national currency per capita",B1GQ,Gross domestic product at market prices,MK,North Macedonia,2018,,349850,,e,estimated,,
dataflow,ESTAT:NAMA_10_PC(1.0),Gross domestic product (GDP) and main components per capita - annual data,A,Annual,CP_NAC_HAB,"Current prices, units of national currency per capita",B1GQ,Gross domestic product at market prices,MK,North Macedonia,2019,,369180,,e,estimated,,
dataflow,ESTAT:NAMA_10_PC(1.0),Gross domestic product (GDP) and main components per capita - annual data,A,Annual,CP_NAC_HAB,"Current prices, units of national currency per capita",B1GQ,Gross domestic product at market prices,MK,North Macedonia,2020,,359970,,e,estimated,,
dataflow,ESTAT:NAMA_10_PC(1.0),Gross domestic product (GDP) and main components per capita - annual data,A,Annual,CP_NAC_HAB,"Current prices, units of national currency per capita",B1GQ,Gross domestic product at market prices,MK,North Macedonia,2021,,397060,,e,estimated,,
dataflow,ESTAT:NAMA_10_PC(1.0),Gross domestic product (GDP) and main components per capita - annual data,A,Annual,CP_NAC_HAB,"Current prices, units of national currency per capita",B1GQ,Gross domestic product at market prices,MK,North Macedonia,2022,,445530,,e,estimated,,
dataflow,ESTAT:NAMA_10_PC(1.0),Gross domestic product (GDP) and main components per capita - annual data,A,Annual,CP_NAC_HAB,"Current prices, units of national currency per capita",B1GQ,Gross domestic product at market prices,MK,North Macedonia,2023,,493980,,e,estimated,,
dataflow,ESTAT:NAMA_10_PC(1.0),Gross domestic product (GDP) and main components per capita - annual data,A,Annual,CP_NAC_HAB,"Current prices, units of national currency per capita",B1GQ,Gross domestic product at market prices,MK,North Macedonia,2024,,528450,,e,estimated,,
dataflow,ESTAT:NAMA_10_PC(1.0),Gross domestic product (GDP) and main components per capita - annual data,A,Annual,CP_NAC_HAB,"Current prices, units of national currency per capita",B1GQ,Gross domestic product at market prices,MT,Malta,2016,,23900,,,,,
dataflow,ESTAT:NAMA_10_PC(1.0),Gross domestic product (GDP) and main components per capita - annual data,A,Annual,CP_NAC_HAB,"Current prices, units of national currency per capita",B1GQ,Gross domestic product at market prices,MT,Malta,2017,,26820,,,,,
dataflow,ESTAT:NAMA_10_PC(1.0),Gross domestic product (GDP) and main components per capita - annual data,A,Annual,CP_NAC_HAB,"Current prices, units of national currency per capita",B1GQ,Gross domestic product at market prices,MT,Malta,2018,,28240,,,,,
dataflow,ESTAT:NAMA_10_PC(1.0),Gross domestic product (GDP) and main components per capita - annual data,A,Annual,CP_NAC_HAB,"Current prices, units of national currency per capita",B1GQ,Gross domestic product at market prices,MT,Malta,2019,,28920,,,,,
dataflow,ESTAT:NAMA_10_PC(1.0),Gross domestic product (GDP) and main components per capita - annual data,A,Annual,CP_NAC_HAB,"Current prices, units of national currency per capita",B1GQ,Gross domestic product at market prices,MT,Malta,2020,,27870,,,,,
dataflow,ESTAT:NAMA_10_PC(1.0),Gross domestic product (GDP) and main components per capita - annual data,A,Annual,CP_NAC_HAB,"Current prices, units of national currency per capita",B1GQ,Gross domestic product at market prices,MT,Malta,2021,,32190,,,,,
dataflow,ESTAT:NAMA_10_PC(1.0),Gross domestic product (GDP) and main components per capita - annual data,A,Annual,CP_NAC_HAB,"Current prices, units of national currency per capita",B1GQ,Gross domestic product at market prices,MT,Malta,2022,,33810,,,,,
dataflow,ESTAT:NAMA_10_PC(1.0),Gross domestic product (GDP) and main components per capita - annual data,A,Annual,CP_NAC_HAB,"Current prices, units of national currency per capita",B1GQ,Gross domestic product at market prices,MT,Malta,2023,,37800,,,,,
dataflow,ESTAT:NAMA_10_PC(1.0),Gross domestic product (GDP) and main components per capita - annual data,A,Annual,CP_NAC_HAB,"Current prices, units of national currency per capita",B1GQ,Gross domestic product at market prices,MT,Malta,2024,,40640,,,,,
dataflow,ESTAT:NAMA_10_PC(1.0),Gross domestic product (GDP) and main components per capita - annual data,A,Annual,CP_NAC_HAB,"Current prices, units of national currency per capita",B1GQ,Gross domestic product at market prices,MT,Malta,2025,,42160,,,,,
dataflow,ESTAT:NAMA_10_PC(1.0),Gross domestic product (GDP) and main components per capita - annual data,A,Annual,CP_NAC_HAB,"Current prices, units of national currency per capita",B1GQ,Gross domestic product at market prices,NL,Netherlands,2016,,42290,,,,,
dataflow,ESTAT:NAMA_10_PC(1.0),Gross domestic product (GDP) and main components per capita - annual data,A,Annual,CP_NAC_HAB,"Current prices, units of national currency per capita",B1GQ,Gross domestic product at market prices,NL,Netherlands,2017,,43830,,,,,
dataflow,ESTAT:NAMA_10_PC(1.0),Gross domestic product (GDP) and main components per capita - annual data,A,Annual,CP_NAC_HAB,"Current prices, units of national currency per capita",B1GQ,Gross domestic product at market prices,NL,Netherlands,2018,,45690,,,,,
dataflow,ESTAT:NAMA_10_PC(1.0),Gross domestic product (GDP) and main components per capita - annual data,A,Annual,CP_NAC_HAB,"Current prices, units of national currency per capita",B1GQ,Gross domestic product at market prices,NL,Netherlands,2019,,47840,,,,,
dataflow,ESTAT:NAMA_10_PC(1.0),Gross domestic product (GDP) and main components per capita - annual data,A,Annual,CP_NAC_HAB,"Current prices, units of national currency per capita",B1GQ,Gross domestic product at market prices,NL,Netherlands,2020,,46810,,,,,
dataflow,ESTAT:NAMA_10_PC(1.0),Gross domestic product (GDP) and main components per capita - annual data,A,Annual,CP_NAC_HAB,"Current prices, units of national currency per capita",B1GQ,Gross domestic product at market prices,NL,Netherlands,2021,,50850,,,,,
dataflow,ESTAT:NAMA_10_PC(1.0),Gross domestic product (GDP) and main components per capita - annual data,A,Annual,CP_NAC_HAB,"Current prices, units of national currency per capita",B1GQ,Gross domestic product at market prices,NL,Netherlands,2022,,56140,,p,provisional,,
dataflow,ESTAT:NAMA_10_PC(1.0),Gross domestic product (GDP) and main components per capita - annual data,A,Annual,CP_NAC_HAB,"Current prices, units of national currency per capita",B1GQ,Gross domestic product at market prices,NL,Netherlands,2023,,58740,,p,provisional,,
dataflow,ESTAT:NAMA_10_PC(1.0),Gross domestic product (GDP) and main components per capita - annual data,A,Annual,CP_NAC_HAB,"Current prices, units of national currency per capita",B1GQ,Gross domestic product at market prices,NL,Netherlands,2024,,62330,,p,provisional,,
dataflow,ESTAT:NAMA_10_PC(1.0),Gross domestic product (GDP) and main components per capita - annual data,A,Annual,CP_NAC_HAB,"Current prices, units of national currency per capita",B1GQ,Gross domestic product at market prices,NL,Netherlands,2025,,65210,,p,provisional,,
dataflow,ESTAT:NAMA_10_PC(1.0),Gross domestic product (GDP) and main components per capita - annual data,A,Annual,CP_NAC_HAB,"Current prices, units of national currency per capita",B1GQ,Gross domestic product at market prices,NO,Norway,2016,,614890,,,,,
dataflow,ESTAT:NAMA_10_PC(1.0),Gross domestic product (GDP) and main components per capita - annual data,A,Annual,CP_NAC_HAB,"Current prices, units of national currency per capita",B1GQ,Gross domestic product at market prices,NO,Norway,2017,,651570,,,,,
dataflow,ESTAT:NAMA_10_PC(1.0),Gross domestic product (GDP) and main components per capita - annual data,A,Annual,CP_NAC_HAB,"Current prices, units of national currency per capita",B1GQ,Gross domestic product at market prices,NO,Norway,2018,,695960,,,,,
dataflow,ESTAT:NAMA_10_PC(1.0),Gross domestic product (GDP) and main components per capita - annual data,A,Annual,CP_NAC_HAB,"Current prices, units of national currency per capita",B1GQ,Gross domestic product at market prices,NO,Norway,2019,,698080,,,,,
dataflow,ESTAT:NAMA_10_PC(1.0),Gross domestic product (GDP) and main components per capita - annual data,A,Annual,CP_NAC_HAB,"Current prices, units of national currency per capita",B1GQ,Gross domestic product at market prices,NO,Norway,2020,,669130,,,,,
dataflow,ESTAT:NAMA_10_PC(1.0),Gross domestic product (GDP) and main components per capita - annual data,A,Annual,CP_NAC_HAB,"Current prices, units of national currency per capita",B1GQ,Gross domestic product at market prices,NO,Norway,2021,,828490,,,,,
dataflow,ESTAT:NAMA_10_PC(1.0),Gross domestic product (GDP) and main components per capita - annual data,A,Annual,CP_NAC_HAB,"Current prices, units of national currency per capita",B1GQ,Gross domestic product at market prices,NO,Norway,2022,,1087600,,,,,
dataflow,ESTAT:NAMA_10_PC(1.0),Gross domestic product (GDP) and main components per capita - annual data,A,Annual,CP_NAC_HAB,"Current prices, units of national currency per capita",B1GQ,Gross domestic product at market prices,NO,Norway,2023,,961030,,,,,
dataflow,ESTAT:NAMA_10_PC(1.0),Gross domestic product (GDP) and main components per capita - annual data,A,Annual,CP_NAC_HAB,"Current prices, units of national currency per capita",B1GQ,Gross domestic product at market prices,NO,Norway,2024,,965980,,,,,
dataflow,ESTAT:NAMA_10_PC(1.0),Gross domestic product (GDP) and main components per capita - annual data,A,Annual,CP_NAC_HAB,"Current prices, units of national currency per capita",B1GQ,Gross domestic product at market prices,NO,Norway,2025,,983710,,,,,
dataflow,ESTAT:NAMA_10_PC(1.0),Gross domestic product (GDP) and main components per capita - annual data,A,Annual,CP_NAC_HAB,"Current prices, units of national currency per capita",B1GQ,Gross domestic product at market prices,PL,Poland,2016,,49160,,,,,
dataflow,ESTAT:NAMA_10_PC(1.0),Gross domestic product (GDP) and main components per capita - annual data,A,Annual,CP_NAC_HAB,"Current prices, units of national currency per capita",B1GQ,Gross domestic product at market prices,PL,Poland,2017,,52600,,,,,
dataflow,ESTAT:NAMA_10_PC(1.0),Gross domestic product (GDP) and main components per capita - annual data,A,Annual,CP_NAC_HAB,"Current prices, units of national currency per capita",B1GQ,Gross domestic product at market prices,PL,Poland,2018,,56580,,,,,
dataflow,ESTAT:NAMA_10_PC(1.0),Gross domestic product (GDP) and main components per capita - annual data,A,Annual,CP_NAC_HAB,"Current prices, units of national currency per capita",B1GQ,Gross domestic product at market prices,PL,Poland,2019,,60980,,,,,
dataflow,ESTAT:NAMA_10_PC(1.0),Gross domestic product (GDP) and main components per capita - annual data,A,Annual,CP_NAC_HAB,"Current prices, units of national currency per capita",B1GQ,Gross domestic product at market prices,PL,Poland,2020,,63580,,b,break in time series,,
dataflow,ESTAT:NAMA_10_PC(1.0),Gross domestic product (GDP) and main components per capita - annual data,A,Annual,CP_NAC_HAB,"Current prices, units of national currency per capita",B1GQ,Gross domestic product at market prices,PL,Poland,2021,,71990,,,,,
dataflow,ESTAT:NAMA_10_PC(1.0),Gross domestic product (GDP) and main components per capita - annual data,A,Annual,CP_NAC_HAB,"Current prices, units of national currency per capita",B1GQ,Gross domestic product at market prices,PL,Poland,2022,,82080,,b,break in time series,,
dataflow,ESTAT:NAMA_10_PC(1.0),Gross domestic product (GDP) and main components per capita - annual data,A,Annual,CP_NAC_HAB,"Current prices, units of national currency per capita",B1GQ,Gross domestic product at market prices,PL,Poland,2023,,90760,,,,,
dataflow,ESTAT:NAMA_10_PC(1.0),Gross domestic product (GDP) and main components per capita - annual data,A,Annual,CP_NAC_HAB,"Current prices, units of national currency per capita",B1GQ,Gross domestic product at market prices,PL,Poland,2024,,97790,,,,,
dataflow,ESTAT:NAMA_10_PC(1.0),Gross domestic product (GDP) and main components per capita - annual data,A,Annual,CP_NAC_HAB,"Current prices, units of national currency per capita",B1GQ,Gross domestic product at market prices,PL,Poland,2025,,104650,,p,provisional,,
dataflow,ESTAT:NAMA_10_PC(1.0),Gross domestic product (GDP) and main components per capita - annual data,A,Annual,CP_NAC_HAB,"Current prices, units of national currency per capita",B1GQ,Gross domestic product at market prices,PT,Portugal,2016,,18000,,,,,
dataflow,ESTAT:NAMA_10_PC(1.0),Gross domestic product (GDP) and main components per capita - annual data,A,Annual,CP_NAC_HAB,"Current prices, units of national currency per capita",B1GQ,Gross domestic product at market prices,PT,Portugal,2017,,18910,,,,,
dataflow,ESTAT:NAMA_10_PC(1.0),Gross domestic product (GDP) and main components per capita - annual data,A,Annual,CP_NAC_HAB,"Current prices, units of national currency per capita",B1GQ,Gross domestic product at market prices,PT,Portugal,2018,,19840,,,,,
dataflow,ESTAT:NAMA_10_PC(1.0),Gross domestic product (GDP) and main components per capita - annual data,A,Annual,CP_NAC_HAB,"Current prices, units of national currency per capita",B1GQ,Gross domestic product at market prices,PT,Portugal,2019,,20710,,,,,
dataflow,ESTAT:NAMA_10_PC(1.0),Gross domestic product (GDP) and main components per capita - annual data,A,Annual,CP_NAC_HAB,"Current prices, units of national currency per capita",B1GQ,Gross domestic product at market prices,PT,Portugal,2020,,19360,,,,,
dataflow,ESTAT:NAMA_10_PC(1.0),Gross domestic product (GDP) and main components per capita - annual data,A,Annual,CP_NAC_HAB,"Current prices, units of national currency per capita",B1GQ,Gross domestic product at market prices,PT,Portugal,2021,,20800,,,,,
dataflow,ESTAT:NAMA_10_PC(1.0),Gross domestic product (GDP) and main components per capita - annual data,A,Annual,CP_NAC_HAB,"Current prices, units of national currency per capita",B1GQ,Gross domestic product at market prices,PT,Portugal,2022,,23300,,,,,
dataflow,ESTAT:NAMA_10_PC(1.0),Gross domestic product (GDP) and main components per capita - annual data,A,Annual,CP_NAC_HAB,"Current prices, units of national currency per capita",B1GQ,Gross domestic product at market prices,PT,Portugal,2023,,25560,,,,,
dataflow,ESTAT:NAMA_10_PC(1.0),Gross domestic product (GDP) and main components per capita - annual data,A,Annual,CP_NAC_HAB,"Current prices, units of national currency per capita",B1GQ,Gross domestic product at market prices,PT,Portugal,2024,,27100,,p,provisional,,
dataflow,ESTAT:NAMA_10_PC(1.0),Gross domestic product (GDP) and main components per capita - annual data,A,Annual,CP_NAC_HAB,"Current prices, units of national currency per capita",B1GQ,Gross domestic product at market prices,PT,Portugal,2025,,28390,,p,provisional,,
dataflow,ESTAT:NAMA_10_PC(1.0),Gross domestic product (GDP) and main components per capita - annual data,A,Annual,CP_NAC_HAB,"Current prices, units of national currency per capita",B1GQ,Gross domestic product at market prices,RO,Romania,2016,,38170,,,,,
dataflow,ESTAT:NAMA_10_PC(1.0),Gross domestic product (GDP) and main components per capita - annual data,A,Annual,CP_NAC_HAB,"Current prices, units of national currency per capita",B1GQ,Gross domestic product at market prices,RO,Romania,2017,,43470,,,,,
dataflow,ESTAT:NAMA_10_PC(1.0),Gross domestic product (GDP) and main components per capita - annual data,A,Annual,CP_NAC_HAB,"Current prices, units of national currency per capita",B1GQ,Gross domestic product at market prices,RO,Romania,2018,,48910,,,,,
dataflow,ESTAT:NAMA_10_PC(1.0),Gross domestic product (GDP) and main components per capita - annual data,A,Annual,CP_NAC_HAB,"Current prices, units of national currency per capita",B1GQ,Gross domestic product at market prices,RO,Romania,2019,,54650,,,,,
dataflow,ESTAT:NAMA_10_PC(1.0),Gross domestic product (GDP) and main components per capita - annual data,A,Annual,CP_NAC_HAB,"Current prices, units of national currency per capita",B1GQ,Gross domestic product at market prices,RO,Romania,2020,,55120,,,,,
dataflow,ESTAT:NAMA_10_PC(1.0),Gross domestic product (GDP) and main components per capita - annual data,A,Annual,CP_NAC_HAB,"Current prices, units of national currency per capita",B1GQ,Gross domestic product at market prices,RO,Romania,2021,,61960,,,,,
dataflow,ESTAT:NAMA_10_PC(1.0),Gross domestic product (GDP) and main components per capita - annual data,A,Annual,CP_NAC_HAB,"Current prices, units of national currency per capita",B1GQ,Gross domestic product at market prices,RO,Romania,2022,,72670,,,,,
dataflow,ESTAT:NAMA_10_PC(1.0),Gross domestic product (GDP) and main components per capita - annual data,A,Annual,CP_NAC_HAB,"Current prices, units of national currency per capita",B1GQ,Gross domestic product at market prices,RO,Romania,2023,,83440,,,,,
dataflow,ESTAT:NAMA_10_PC(1.0),Gross domestic product (GDP) and main components per capita - annual data,A,Annual,CP_NAC_HAB,"Current prices, units of national currency per capita",B1GQ,Gross domestic product at market prices,RO,Romania,2024,,92300,,p,provisional,,
dataflow,ESTAT:NAMA_10_PC(1.0),Gross domestic product (GDP) and main components per capita - annual data,A,Annual,CP_NAC_HAB,"Current prices, units of national currency per capita",B1GQ,Gross domestic product at market prices,RO,Romania,2025,,100630,,p,provisional,,
dataflow,ESTAT:NAMA_10_PC(1.0),Gross domestic product (GDP) and main components per capita - annual data,A,Annual,CP_NAC_HAB,"Current prices, units of national currency per capita",B1GQ,Gross domestic product at market prices,RS,Serbia,2016,,665710,,,,,
dataflow,ESTAT:NAMA_10_PC(1.0),Gross domestic product (GDP) and main components per capita - annual data,A,Annual,CP_NAC_HAB,"Current prices, units of national currency per capita",B1GQ,Gross domestic product at market prices,RS,Serbia,2017,,705610,,,,,
dataflow,ESTAT:NAMA_10_PC(1.0),Gross domestic product (GDP) and main components per capita - annual data,A,Annual,CP_NAC_HAB,"Current prices, units of national currency per capita",B1GQ,Gross domestic product at market prices,RS,Serbia,2018,,757310,,,,,
dataflow,ESTAT:NAMA_10_PC(1.0),Gross domestic product (GDP) and main components per capita - annual data,A,Annual,CP_NAC_HAB,"Current prices, units of national currency per capita",B1GQ,Gross domestic product at market prices,RS,Serbia,2019,,816280,,,,,
dataflow,ESTAT:NAMA_10_PC(1.0),Gross domestic product (GDP) and main components per capita - annual data,A,Annual,CP_NAC_HAB,"Current prices, units of national currency per capita",B1GQ,Gross domestic product at market prices,RS,Serbia,2020,,835490,,,,,
dataflow,ESTAT:NAMA_10_PC(1.0),Gross domestic product (GDP) and main components per capita - annual data,A,Annual,CP_NAC_HAB,"Current prices, units of national currency per capita",B1GQ,Gross domestic product at market prices,RS,Serbia,2021,,962210,,,,,
dataflow,ESTAT:NAMA_10_PC(1.0),Gross domestic product (GDP) and main components per capita - annual data,A,Annual,CP_NAC_HAB,"Current prices, units of national currency per capita",B1GQ,Gross domestic product at market prices,RS,Serbia,2022,,1119390,,,,,
dataflow,ESTAT:NAMA_10_PC(1.0),Gross domestic product (GDP) and main components per capita - annual data,A,Annual,CP_NAC_HAB,"Current prices, units of national currency per capita",B1GQ,Gross domestic product at market prices,RS,Serbia,2023,,1331370,,p,provisional,,
dataflow,ESTAT:NAMA_10_PC(1.0),Gross domestic product (GDP) and main components per capita - annual data,A,Annual,CP_NAC_HAB,"Current prices, units of national currency per capita",B1GQ,Gross domestic product at market prices,RS,Serbia,2024,,1480040,,p,provisional,,
dataflow,ESTAT:NAMA_10_PC(1.0),Gross domestic product (GDP) and main components per capita - annual data,A,Annual,CP_NAC_HAB,"Current prices, units of national currency per capita",B1GQ,Gross domestic product at market prices,RS,Serbia,2025,,1587460,,e,estimated,,
dataflow,ESTAT:NAMA_10_PC(1.0),Gross domestic product (GDP) and main components per capita - annual data,A,Annual,CP_NAC_HAB,"Current prices, units of national currency per capita",B1GQ,Gross domestic product at market prices,SE,Sweden,2016,,443030,,,,,
dataflow,ESTAT:NAMA_10_PC(1.0),Gross domestic product (GDP) and main components per capita - annual data,A,Annual,CP_NAC_HAB,"Current prices, units of national currency per capita",B1GQ,Gross domestic product at market prices,SE,Sweden,2017,,454890,,,,,
dataflow,ESTAT:NAMA_10_PC(1.0),Gross domestic product (GDP) and main components per capita - annual data,A,Annual,CP_NAC_HAB,"Current prices, units of national currency per capita",B1GQ,Gross domestic product at market prices,SE,Sweden,2018,,469560,,,,,
dataflow,ESTAT:NAMA_10_PC(1.0),Gross domestic product (GDP) and main components per capita - annual data,A,Annual,CP_NAC_HAB,"Current prices, units of national currency per capita",B1GQ,Gross domestic product at market prices,SE,Sweden,2019,,488270,,,,,
dataflow,ESTAT:NAMA_10_PC(1.0),Gross domestic product (GDP) and main components per capita - annual data,A,Annual,CP_NAC_HAB,"Current prices, units of national currency per capita",B1GQ,Gross domestic product at market prices,SE,Sweden,2020,,484170,,,,,
dataflow,ESTAT:NAMA_10_PC(1.0),Gross domestic product (GDP) and main components per capita - annual data,A,Annual,CP_NAC_HAB,"Current prices, units of national currency per capita",B1GQ,Gross domestic product at market prices,SE,Sweden,2021,,520150,,,,,
dataflow,ESTAT:NAMA_10_PC(1.0),Gross domestic product (GDP) and main components per capita - annual data,A,Annual,CP_NAC_HAB,"Current prices, units of national currency per capita",B1GQ,Gross domestic product at market prices,SE,Sweden,2022,,552510,,,,,
dataflow,ESTAT:NAMA_10_PC(1.0),Gross domestic product (GDP) and main components per capita - annual data,A,Annual,CP_NAC_HAB,"Current prices, units of national currency per capita",B1GQ,Gross domestic product at market prices,SE,Sweden,2023,,579580,,,,,
dataflow,ESTAT:NAMA_10_PC(1.0),Gross domestic product (GDP) and main components per capita - annual data,A,Annual,CP_NAC_HAB,"Current prices, units of national currency per capita",B1GQ,Gross domestic product at market prices,SE,Sweden,2024,,601220,,,,,
dataflow,ESTAT:NAMA_10_PC(1.0),Gross domestic product (GDP) and main components per capita - annual data,A,Annual,CP_NAC_HAB,"Current prices, units of national currency per capita",B1GQ,Gross domestic product at market prices,SE,Sweden,2025,,615510,,,,,
dataflow,ESTAT:NAMA_10_PC(1.0),Gross domestic product (GDP) and main components per capita - annual data,A,Annual,CP_NAC_HAB,"Current prices, units of national currency per capita",B1GQ,Gross domestic product at market prices,SI,Slovenia,2016,,19380,,,,,
dataflow,ESTAT:NAMA_10_PC(1.0),Gross domestic product (GDP) and main components per capita - annual data,A,Annual,CP_NAC_HAB,"Current prices, units of national currency per capita",B1GQ,Gross domestic product at market prices,SI,Slovenia,2017,,20630,,,,,
dataflow,ESTAT:NAMA_10_PC(1.0),Gross domestic product (GDP) and main components per capita - annual data,A,Annual,CP_NAC_HAB,"Current prices, units of national currency per capita",B1GQ,Gross domestic product at market prices,SI,Slovenia,2018,,21940,,,,,
dataflow,ESTAT:NAMA_10_PC(1.0),Gross domestic product (GDP) and main components per capita - annual data,A,Annual,CP_NAC_HAB,"Current prices, units of national currency per capita",B1GQ,Gross domestic product at market prices,SI,Slovenia,2019,,23050,,,,,
dataflow,ESTAT:NAMA_10_PC(1.0),Gross domestic product (GDP) and main components per capita - annual data,A,Annual,CP_NAC_HAB,"Current prices, units of national currency per capita",B1GQ,Gross domestic product at market prices,SI,Slovenia,2020,,22230,,,,,
dataflow,ESTAT:NAMA_10_PC(1.0),Gross domestic product (GDP) and main components per capita - annual data,A,Annual,CP_NAC_HAB,"Current prices, units of national currency per capita",B1GQ,Gross domestic product at market prices,SI,Slovenia,2021,,24690,,,,,
dataflow,ESTAT:NAMA_10_PC(1.0),Gross domestic product (GDP) and main components per capita - annual data,A,Annual,CP_NAC_HAB,"Current prices, units of national currency per capita",B1GQ,Gross domestic product at market prices,SI,Slovenia,2022,,26970,,,,,
dataflow,ESTAT:NAMA_10_PC(1.0),Gross domestic product (GDP) and main components per capita - annual data,A,Annual,CP_NAC_HAB,"Current prices, units of national currency per capita",B1GQ,Gross domestic product at market prices,SI,Slovenia,2023,,30200,,,,,
dataflow,ESTAT:NAMA_10_PC(1.0),Gross domestic product (GDP) and main components per capita - annual data,A,Annual,CP_NAC_HAB,"Current prices, units of national currency per capita",B1GQ,Gross domestic product at market prices,SI,Slovenia,2024,,31700,,,,,
dataflow,ESTAT:NAMA_10_PC(1.0),Gross domestic product (GDP) and main components per capita - annual data,A,Annual,CP_NAC_HAB,"Current prices, units of national currency per capita",B1GQ,Gross domestic product at market prices,SI,Slovenia,2025,,33060,,,,,
dataflow,ESTAT:NAMA_10_PC(1.0),Gross domestic product (GDP) and main components per capita - annual data,A,Annual,CP_NAC_HAB,"Current prices, units of national currency per capita",B1GQ,Gross domestic product at market prices,SK,Slovakia,2016,,15030,,,,,
dataflow,ESTAT:NAMA_10_PC(1.0),Gross domestic product (GDP) and main components per capita - annual data,A,Annual,CP_NAC_HAB,"Current prices, units of national currency per capita",B1GQ,Gross domestic product at market prices,SK,Slovakia,2017,,15620,,,,,
dataflow,ESTAT:NAMA_10_PC(1.0),Gross domestic product (GDP) and main components per capita - annual data,A,Annual,CP_NAC_HAB,"Current prices, units of national currency per capita",B1GQ,Gross domestic product at market prices,SK,Slovakia,2018,,16580,,,,,
dataflow,ESTAT:NAMA_10_PC(1.0),Gross domestic product (GDP) and main components per capita - annual data,A,Annual,CP_NAC_HAB,"Current prices, units of national currency per capita",B1GQ,Gross domestic product at market prices,SK,Slovakia,2019,,17340,,,,,
dataflow,ESTAT:NAMA_10_PC(1.0),Gross domestic product (GDP) and main components per capita - annual data,A,Annual,CP_NAC_HAB,"Current prices, units of national currency per capita",B1GQ,Gross domestic product at market prices,SK,Slovakia,2020,,17270,,,,,
dataflow,ESTAT:NAMA_10_PC(1.0),Gross domestic product (GDP) and main components per capita - annual data,A,Annual,CP_NAC_HAB,"Current prices, units of national currency per capita",B1GQ,Gross domestic product at market prices,SK,Slovakia,2021,,18730,,b,break in time series,,
dataflow,ESTAT:NAMA_10_PC(1.0),Gross domestic product (GDP) and main components per capita - annual data,A,Annual,CP_NAC_HAB,"Current prices, units of national currency per capita",B1GQ,Gross domestic product at market prices,SK,Slovakia,2022,,20150,,,,,
dataflow,ESTAT:NAMA_10_PC(1.0),Gross domestic product (GDP) and main components per capita - annual data,A,Annual,CP_NAC_HAB,"Current prices, units of national currency per capita",B1GQ,Gross domestic product at market prices,SK,Slovakia,2023,,22640,,,,,
dataflow,ESTAT:NAMA_10_PC(1.0),Gross domestic product (GDP) and main components per capita - annual data,A,Annual,CP_NAC_HAB,"Current prices, units of national currency per capita",B1GQ,Gross domestic product at market prices,SK,Slovakia,2024,,23850,,,,,
dataflow,ESTAT:NAMA_10_PC(1.0),Gross domestic product (GDP) and main components per capita - annual data,A,Annual,CP_NAC_HAB,"Current prices, units of national currency per capita",B1GQ,Gross domestic product at market prices,SK,Slovakia,2025,,25060,,,,,
dataflow,ESTAT:NAMA_10_PC(1.0),Gross domestic product (GDP) and main components per capita - annual data,A,Annual,CP_NAC_HAB,"Current prices, units of national currency per capita",B1GQ,Gross domestic product at market prices,TR,Türkiye,2016,,32090,,,,,
dataflow,ESTAT:NAMA_10_PC(1.0),Gross domestic product (GDP) and main components per capita - annual data,A,Annual,CP_NAC_HAB,"Current prices, units of national currency per capita",B1GQ,Gross domestic product at market prices,TR,Türkiye,2017,,37770,,,,,
dataflow,ESTAT:NAMA_10_PC(1.0),Gross domestic product (GDP) and main components per capita - annual data,A,Annual,CP_NAC_HAB,"Current prices, units of national currency per capita",B1GQ,Gross domestic product at market prices,TR,Türkiye,2018,,44800,,,,,
dataflow,ESTAT:NAMA_10_PC(1.0),Gross domestic product (GDP) and main components per capita - annual data,A,Annual,CP_NAC_HAB,"Current prices, units of national currency per capita",B1GQ,Gross domestic product at market prices,TR,Türkiye,2019,,51060,,,,,
dataflow,ESTAT:NAMA_10_PC(1.0),Gross domestic product (GDP) and main components per capita - annual data,A,Annual,CP_NAC_HAB,"Current prices, units of national currency per capita",B1GQ,Gross domestic product at market prices,TR,Türkiye,2020,,59120,,,,,
dataflow,ESTAT:NAMA_10_PC(1.0),Gross domestic product (GDP) and main components per capita - annual data,A,Annual,CP_NAC_HAB,"Current prices, units of national currency per capita",B1GQ,Gross domestic product at market prices,TR,Türkiye,2021,,84640,,,,,
dataflow,ESTAT:NAMA_10_PC(1.0),Gross domestic product (GDP) and main components per capita - annual data,A,Annual,CP_NAC_HAB,"Current prices, units of national currency per capita",B1GQ,Gross domestic product at market prices,TR,Türkiye,2022,,172920,,,,,
dataflow,ESTAT:NAMA_10_PC(1.0),Gross domestic product (GDP) and main components per capita - annual data,A,Annual,CP_NAC_HAB,"Current prices, units of national currency per capita",B1GQ,Gross domestic product at market prices,TR,Türkiye,2023,,305570,,,,,
dataflow,ESTAT:NAMA_10_PC(1.0),Gross domestic product (GDP) and main components per capita - annual data,A,Annual,CP_NAC_HAB,"Current prices, units of national currency per capita",B1GQ,Gross domestic product at market prices,TR,Türkiye,2024,,503080,,,,,
dataflow,ESTAT:NAMA_10_PC(1.0),Gross domestic product (GDP) and main components per capita - annual data,A,Annual,CP_NAC_HAB,"Current prices, units of national currency per capita",B1GQ,Gross domestic product at market prices,UK,United Kingdom,2016,,30380,,,,,
dataflow,ESTAT:NAMA_10_PC(1.0),Gross domestic product (GDP) and main components per capita - annual data,A,Annual,CP_NAC_HAB,"Current prices, units of national currency per capita",B1GQ,Gross domestic product at market prices,UK,United Kingdom,2017,,31330,,,,,
dataflow,ESTAT:NAMA_10_PC(1.0),Gross domestic product (GDP) and main components per capita - annual data,A,Annual,CP_NAC_HAB,"Current prices, units of national currency per capita",B1GQ,Gross domestic product at market prices,UK,United Kingdom,2018,,32240,,,,,
dataflow,ESTAT:NAMA_10_PC(1.0),Gross domestic product (GDP) and main components per capita - annual data,A,Annual,CP_NAC_HAB,"Current prices, units of national currency per capita",B1GQ,Gross domestic product at market prices,UK,United Kingdom,2019,,33200,,,,,
